patientID	name	Vgene	Dgene	CDRH3_len	ILTG	LRYFDWL	CDRH3
Single	FI61	IGHV3-9*01	IGHD3-9*01	12	no	no	DLYRGEAYYFDS
Single	FI175	IGHV1-24*01	IGHD3-9*01	20	yes	no	GANILTGPASRPYSYYGLDV
Single	FI6	IGHV3-30*18	IGHD3-9*01	20	no	yes	DSQLRSLLYFEWLSQGYFDP
Single	FI3164	IGHV3-30*18	IGHD3-9*01	20	no	yes	ERPLRLLRYFDWLSGGANDY
Single	FI547	IGHV1-2*04	IGHD3-9*01	17	no	no	GEAVFQYFDWQVNWFDT
Single	FI804	IGHV3-30*18	IGHD3-9*01	20	no	yes	DSQLRSLLYFEWLSQGYFDP
Single	FI802	IGHV3-30*18	IGHD3-9*01	20	no	yes	DSQLRSLLYFEWLSQGYFDP
Single	FI392	IGHV1-69*01	IGHD3-9*01	11	no	no	SATYYISYFDS
Single	FI311	IGHV1-2*04	IGHD3-9*01	17	no	no	GEAVLQYFDWQINWFDT
Single	FI370	IGHV3-30*18	IGHD3-9*01	20	no	yes	DSQLRSLLYFDWLSQGYFDH
Single	FI873	IGHV3-30*18	IGHD3-9*01	20	no	yes	EERARILRYFDWLAHAAFDV
Single	FI1013	IGHV3-30*18	IGHD3-9*01	20	no	no	ERPLRLLRFFDWLSGGANDY
Single	FI340	IGHV1-2*04	IGHD3-9*01	17	no	no	GEAVLQYFDWQINWFDT
Single	FI3055	IGHV3-30*18	IGHD3-9*01	20	no	yes	ERPLRLLRYFDWLSGGANDY
Single	FI28	IGHV3-30*18	IGHD3-9*01	20	no	yes	ERPLRLLRYFDWLSGGANDY
Single	FI3083	IGHV1-2*04	IGHD3-9*01	17	no	no	GEAVLQYFDWQINWFDP
Single	FI3003	IGHV3-30*18	IGHD3-9*01	20	no	yes	EGGARILRYFDWLAHDALDV
Single	FI4013	IGHV3-30*18	IGHD3-9*01	20	no	yes	DSQLRSLLYFEWLSQGSFDP
Single	FI4010	IGHV3-30*18	IGHD3-9*01	20	no	yes	DSQLRSLLYFEWLSQGYFDP
Single	FI6038	IGHV3-30*18	IGHD3-9*01	20	no	yes	DSLLRSLLYFDWLSQGYFDH
Single	FI52	IGHV1-2*04	IGHD3-9*01	17	no	no	GEAVLQYFDWQINWFDT
Single	FI3157	IGHV1-2*04	IGHD3-9*01	17	no	no	GEAVLQYFDWQINWFDT
Single	FI510	IGHV3-30*18	IGHD3-9*01	20	no	yes	DSQLRSLLYFEWLSQGYFDP
Single	FI1209	IGHV3-30*18	IGHD3-9*01	20	no	yes	EERARILRYFDWLAHAAFDV
Single	FI3011	IGHV3-30*18	IGHD3-9*01	20	no	yes	EEKARILRYFDWLSHAAFDI
Single	FI4001	IGHV3-30*18	IGHD3-9*01	20	no	yes	DSQLRSLLYFEWLSQGYFDP
Single	FI191	IGHV1-2*04	IGHD3-9*01	17	no	no	GEAVLQYFDWQINWFDT
Single	FI2013	IGHV3-30*18	IGHD3-9*01	20	no	yes	DSQLRSLLYFEWLSQGSFDP
Single	FI442	IGHV3-30*18	IGHD3-9*01	20	no	yes	DSQLRSLLYFEWLSQGYFDP
Single	FI203	IGHV3-30*18	IGHD3-9*01	20	no	yes	EGGARILRYFDWLAHDALDV
Single	FI200	IGHV1-2*04	IGHD3-9*01	17	no	no	GEAVLQHFDWQINWFDT
Single	FI430	IGHV1-69*01	IGHD3-9*01	11	no	no	SATYYISYFDS
Single	FI825	IGHV3-30*18	IGHD3-9*01	20	no	yes	DSQLRSLLYFEWLSQGYFDP
