Subject	mAb	VH	D	JH	CDR3
029-09	4A01	1-02	6-19	J3	AKDRAWLVYDDGSDV
045-09	2B06	1-18	3-03	J6	ARDHVQGEVSIYYYAMDV
051-09	4B02	1-69	3-16	J4	ARVLPEGEFDY
051-09	4C06	1-69	4-17	J4	ARRRDELGDYGTIYFDH
051-09	4E06	1-69	2-02	J5	ARGGDYSSRWKQEET
051-09	5A02	3-23	NA	J5	AKHGHMIFGVIIPNWFDP
051-09	5C01	1-69	2-02	J5	TKGEGVYQPLLST
030-09	1A06	1-69	5-12	J4	ARAGNTQWLRYPLDS
030-09	1E04	1-69	2-08	J4	ARHIEYGPKSLVDY
030-09	2B03	1-69	3-10	J4	ARDYGSGSSQTSGAFDF
030-09	2G03	3-23	5-12	J4	AKEGDVDIVVTITPPRYY
030-09	3B03	3-64	3-03	J5	VKGQFLEWYNWFDP
SFV005	2G02	1-18	3-09	J4	ARDRRDLLTGSLGDY
SFV009	2A06	1-69	NA	J4	ASPDLTMVFVPHTGPLDF
SFV009	3A01	4-39	2-08	J4	ARQLTGMVYAILLPSYFDF
SFV019	4E03	1-69	3-10	J3	ARAARLYQQAYDI
039-10	5F06	1-69	5-05	J4	AGESGYSNGYEAH
039-10	5G02	1-69	2-02	J4	ATGEYQLRSPLDI
039-10	5G05	1-69	3-10	J4	ARGGGYHYSGSESYLTN
047-09	1F05	3-30	3-10	J4	AKDWGPRILYYFTSGSYSPLDY
047-09	4E01	3-23	NA	J4	AKDEGRPSASLGIMYYFDY
030-10	1B03	1-69	NA	J4	ARAIHYYDNTYYPY
030-10	1F03	1-69	3-22	J4	WCRPYYFDVSGNY
047-09	2D06	3-15	3-09	J4	TTDGKLRYFDWLLYAFDY
018-10	4D03	1-69	3-10	J5	ARDGSGSYLPLNWLDP
018-10	4D06	1-69	5-05	J4	ARHHGYTYGPRSGYFDY
047-09	1G05	4-59	3-09	J3	ARDSTGYSKENAFDI
051-09	4A03	3-21	NA	J4	ARGQLLDFDRVSTINEN	
051-09	5A01	3-11	1-26	J3	VRDRTGSRDINAFDI
051-09	5E03	4-59	6-13	J3	AREITRGLDAYDI
030-09	1E05	3-23	3-03	J5	VKEEKRFLDKLSIMA
030-09	3B01	1-46	3-22	J4	ARDPRFQGLYDGSDYYWGHY
SFV009	3D04	3-23	NA	J4	AKDRVVGRPWEYSLDF
019-10	3F02	1-02	1-26	J4	ARILRTTSALDY
017-10	3G05	1-46	3-22	J4	ARSPGDKMIVFPLDS
013-10	3F02	1-02	1-26	J4	ARILRTTSALDY
013-10	4C01	3-30	2-02	J6	ARDDVVDPDAIFRVNSYYRMDV
014-10	3B06	1-02	3-10	J4	ARIFRFSSGLDY
014-10	3C05	4-59	5-12	J4	ARESSGYTQKNAYDY
030-09	1D06	1-69	2-15	J4	ARALARCGGGSCYLDFDC
047-10	2D03	1-69	3-10	J5	ARSYYYGSGTYYNILENCFDT
051-09	1E02	3-23	6-19	J4	AKDVLGIAVPGGGLLDY
