ID	Representative query name	Count	Frequency(%)	CDR3 nucleotide seq	CDR3 amino acid seq	Productive	Chain type	V gene	D gene	J gene
1	PGT144_H gi|344323246|gb|JN201909| Homo sapie	1	1.89	ACCGGAGGCTCAAAACATCGCTTGCGAGACTACGTTCTCTACGATGATTACGGCCTAATAAATCAGCAAGAGTGGAATGACTACCTTGAATTTTTGGACGTC	TGGSKHRLRDYVLYDDYGLINQQEWNDYLEFLDV	Yes	VH	IGHV1-8*01,IGHV1-8*02,IGHV1-8*03	IGHD3-16*01,IGHD3-16*02	IGHJ6*02
2	8ANC195_H gi|346983293|gb|HE584553| Homo sapi	1	1.89	ACGACAACCTCGACGTACGACAAGTGGAGTGGCCTTCATCACGACGGGGTCATGGCATTTTCCTCT	TTTSTYDKWSGLHHDGVMAFSS	Yes	VH	IGHV1-69*01,IGHV1-69*11,IGHV1-69*12	IGHD3-3*01,IGHD3-3*02	IGHJ4*02,IGHJ5*02
3	PGT142_H gi|344323242|gb|JN201907| Homo sapie	1	1.89	ACGAGAGGCTCAAAACATCGCTTGCGAGACTACGTTCTCTACGATGACTACGGCTTAATTAATTATCAAGAGTGGAATGACTACCTTGAATTTTTGGACGTC	TRGSKHRLRDYVLYDDYGLINYQEWNDYLEFLDV	Yes	VH	IGHV1-8*01,IGHV1-8*02,IGHV1-8*03	IGHD4-17*01	IGHJ6*02
4	PGT141_H gi|344323240|gb|JN201906.1| Homo sap	1	1.89	ACGAGAGGCTCAAAACATCGTTTGCGAGACTACGTTCTCTACGATGACTACGGCTTAATTAATTATCAAGAGTGGAATGACTACCTTGAATTTTTGGACGTC	TRGSKHRLRDYVLYDDYGLINYQEWNDYLEFLDV	Yes	VH	IGHV1-8*01,IGHV1-8*02,IGHV1-8*03	IGHD4-17*01	IGHJ6*02
5	PGT143_H gi|344323244|gb|JN201908| Homo sapie	1	1.89	ACGAGAGGTTCAAAACATCGCTTGCGAGACTACGTTCTCTACGATGACTACGGCTTAATTAATTATCAAGAGTGGAATGACTACCTTGAATTTTTGGACGTC	TRGSKHRLRDYVLYDDYGLINYQEWNDYLEFLDV	Yes	VH	IGHV1-8*01,IGHV1-8*02,IGHV1-8*03	IGHD4-17*01	IGHJ6*02
6	VRC01_H gi|294875838|gb|GU980702| Homo sapien	1	1.89	ACTAGGGGAAAAAACTGTGATTACAATTGGGACTTCGAACAC	TRGKNCDYNWDFEH	Yes	VH	IGHV1-2*02	IGHD3-16*01,IGHD3-16*02	IGHJ1*01
7	VRC02_H gi|294875840|gb|GU980704| Homo sapien	1	1.89	ACTAGGGGAAAAAATTGTGATTACAATTGGGACTTCGAACAC	TRGKNCDYNWDFEH	Yes	VH	IGHV1-2*02	IGHD3-16*01,IGHD3-16*02	IGHJ1*01
8	NIH45-46_H gi|346983273|gb|HE584543| Homo sap	1	1.89	ACTAGGGGAAAATATTGTACTGCGCGCGACTATTATAATTGGGACTTCGAACAC	TRGKYCTARDYYNWDFEH	Yes	VH	IGHV1-2*02	IGHD2-8*02	IGHJ1*01
9	VRC07_H gi||gb||	1	1.89	ACTCGGGGAAAATATTGCACTGCGCGCGACTATTATAATTGGGACTTCGAACAC	TRGKYCTARDYYNWDFEH	Yes	VH	IGHV1-46*03	IGHD2-8*02	IGHJ1*01
10	10E8_H gi|407031697|gb|JX645769| Homo sapiens	1	1.89	GCCCGCACGGGAAAATATTATGATTTTTGGAGTGGCTATCCGCCGGGAGAAGAATACTTCCAAGAC	ARTGKYYDFWSGYPPGEEYFQD	Yes	VH	IGHV3-15*05	IGHD3-3*01	IGHJ1*01
11	PGDM1402_H gi||gb||	1	1.89	GCGAAAGGCTCAAAACACAGGCTGCGAGACTACGCTCTGTACGACGACATCGGCGCATTGCAATGGGCTGTCGATGTTGACTAC	AKGSKHRLRDYALYDDIGALQWAVDVDY	Yes	VH	IGHV1-8*01,IGHV1-8*03	IGHD4-17*01,IGHD4-23*01	IGHJ4*01,IGHJ4*02,IGHJ4*03
12	PGDM1400_H gi||gb||	1	1.89	GCGAAAGGCTCAAAACACAGGCTGCGAGATTACGCTCTCTACGACGACGACGGCGCATTGAATTGGGCTGTCGATGTTGACTACCTTTCGAACTTGGAATTC	AKGSKHRLRDYALYDDDGALNWAVDVDYLSNLEF	Yes	VH	IGHV1-8*01,IGHV1-8*03	IGHD3-16*01,IGHD3-16*02	IGHJ4*03
13	PGT122_H gi|344323218|gb|JN201895|	1	1.89	GCGACAACAAAACACGGGAGGAGGATTTATGGCGTCGTTGCCTTCAAAGAGTGGTTCACCTATTTCTACATGGACGTC	ATTKHGRRIYGVVAFKEWFTYFYMDV	Yes	VH	IGHV4-59*02	IGHD3-3*01,IGHD3-3*02	IGHJ6*03
14	PGT121_H gi|344323216|gb|JN201894|	1	1.89	GCGAGAACACTGCACGGGAGGAGAATTTATGGAATCGTTGCCTTCAATGAGTGGTTCACCTACTTCTACATGGACGTC	ARTLHGRRIYGIVAFNEWFTYFYMDV	Yes	VH	IGHV4-59*01,IGHV4-59*07	IGHD3-3*01,IGHD3-3*02	IGHJ6*03
15	PGT135_H gi|344323234|gb|JN201903| Homo sapie	1	1.89	GCGAGACACCGACATCATGATGTTTTCATGTTGGTCCCTATTGCGGGCTGGTTCGACGTC	ARHRHHDVFMLVPIAGWFDV	Yes	VH	IGHV4-39*07	IGHD2-15*01,IGHD2-2*01,IGHD2-2*02	IGHJ5*02
16	VRC-PG04b_H gi|343794448|gb|JN159465| Homo sa	1	1.89	GCGAGACAGAAATTTGAGAGGGGCGGCCAAGGCTGGTATTTCGATCTC	ARQKFERGGQGWYFDL	Yes	VH	IGHV1-2*02	IGHD3-9*01,IGHD6-25*01	IGHJ2*01
17	VRC-PG04_H gi|343794446|gb|JN159464| Homo sap	1	1.89	GCGAGACAGAAATTTTATACGGGCGGCCAAGGCTGGTACTTCGATCTC	ARQKFYTGGQGWYFDL	Yes	VH	IGHV1-2*02	IGHD3-16*01,IGHD3-16*02,IGHD3-3*01	IGHJ2*01
18	M66.6_H gi|527166356|gb|JN252502| Homo sapien	1	1.89	GCGAGACAGAATCACTATGGTTCGGGGAGTTATTTCTACCGAACGGCCTACTACTATGCTATGGACGTC	ARQNHYGSGSYFYRTAYYYAMDV	Yes	VH	IGHV5-51*01	IGHD3-10*01	IGHJ6*02
19	PGT136_H gi|344323236|gb|JN201904.1| Homo sap	1	1.89	GCGAGACATAAATATCATGATATTTTCAGGGTGGTCCCTGTTGCGGGCTGGTTCGACCCC	ARHKYHDIFRVVPVAGWFDP	Yes	VH	IGHV4-39*07	IGHD3-9*01	IGHJ5*02
20	PGDM1411_H gi||gb||	1	1.89	GCGAGACGGACAGAAAAACAACTGAGAGCAGAGTATGTTCTGGACCAAGAAGACGGCTTTTATCGTGAAGAGGCCATTTACATCACAGTCCTGGACGTC	ARRTEKQLRAEYVLDQEDGFYREEAIYITVLDV	Yes	VH	IGHV1-8*01,IGHV1-8*03	IGHD1-1*01,IGHD3-10*02,IGHD3-16*02	IGHJ6*02
21	12A12_H gi|346983265|gb|HE584539| Homo sapien	1	1.89	GCGAGAGATGGGAGCGGGGACGACACCTCTTGGCACTTAGATCCC	ARDGSGDDTSWHLDP	Yes	VH	IGHV1-2*02	IGHD1-26*01	IGHJ5*02
22	CH02_H gi|380865833|gb|JQ267524| Homo sapiens	1	1.89	GCGAGAGGGACCGATTACACGATAGACGACCAGGGAAGATTTTATCAAGGATCGGGGACCTTCTGGTACTTCGATTTT	ARGTDYTIDDQGRFYQGSGTFWYFDF	Yes	VH	IGHV3-20*01	IGHD3-10*01,IGHD3-10*02,IGHD5-12*01	IGHJ2*01
23	CH03_H gi|380865835|gb|JQ267525| Homo sapiens	1	1.89	GCGAGAGGGACCGATTACACGATAGACGACCAGGGAATTTTTTATAAAGGTTCGGGGACCTTCTGGTACTTCGATCTC	ARGTDYTIDDQGIFYKGSGTFWYFDL	Yes	VH	IGHV3-20*01	IGHD3-10*01	IGHJ2*01
24	CH01_H gi|380865831|gb|JQ267523| Homo sapiens	1	1.89	GCGAGAGGGACCGATTACACTATTGACGACGCGGGGATCCATTACCAAGGTTCGGGGACCTTCTGGTACTTCGATCTC	ARGTDYTIDDAGIHYQGSGTFWYFDL	Yes	VH	IGHV3-20*01	IGHD3-10*01	IGHJ2*01
25	CH04_H gi|380865837|gb|JQ267526| Homo sapiens	1	1.89	GCGAGAGGGACCGATTACACTATTGACGATCAGGGGATCCGTTATCAAGGTTCGGGGACTTTCTGGTACTTCGATGTC	ARGTDYTIDDQGIRYQGSGTFWYFDV	Yes	VH	IGHV3-20*01	IGHD3-10*01	IGHJ2*01
26	PGDM1408_H gi||gb||	1	1.89	GCGAGAGGGTCAAAACACAAGCTGCGAGACTACGTTATGTACGACGACTATGGCGCATTGCAGTGGGCTGTTTATGTTGACTATCTTTCGAACTTGGACGTC	ARGSKHKLRDYVMYDDYGALQWAVYVDYLSNLDV	Yes	VH	IGHV1-8*01,IGHV1-8*03	IGHD2-15*01	IGHJ6*02
27	PGDM1401_H gi||gb||	1	1.89	GCGAGAGGGTCAAAACACAGGCTGCGAGACTACGTTATGTACGACGACTACGGCGCATTGCAGTGGGCTGTCTATGTTGACTATCTTTCGAACTTGGACGTC	ARGSKHRLRDYVMYDDYGALQWAVYVDYLSNLDV	Yes	VH	IGHV1-8*01,IGHV1-8*03	IGHD4-17*01,IGHD4-23*01	IGHJ6*02
28	VRC-CH34_H gi|343794464|gb|JN159473| Homo sap	1	1.89	GCGAGGGCCCAAAAAAGGGGGCGCAGTGAATGGGCCTACGCCCAC	ARAQKRGRSEWAYAH	Yes	VH	IGHV1-2*02	IGHD6-19*01	IGHJ4*02
29	VRC-CH33_H gi|343794462|gb|JN159472| Homo sap	1	1.89	GCGAGGGCCCAGAAAAGGGCGCGGAGTGAATGGGCCTACGCCCAC	ARAQKRARSEWAYAH	Yes	VH	IGHV1-2*02	IGHD3-3*01,IGHD3-3*02	IGHJ4*02
30	VRC-CH32_H gi|343794390|gb|JN159436| Homo sap	1	1.89	GCGAGGGCCCAGAAAAGGGGGCGCAGCGAGTGGGCCTATGCCCAC	ARAQKRGRSEWAYAH	Yes	VH	IGHV1-2*02	IGHD2-2*01,IGHD2-2*03	IGHJ4*02
31	VRC-CH30_H gi|343794386|gb|JN159434| Homo sap	1	1.89	GCGAGGGCCCAGAAAAGGGGGCGGAGTGAATGGGCCTACGCCCAC	ARAQKRGRSEWAYAH	Yes	VH	IGHV1-2*02	IGHD3-3*01,IGHD3-3*02	IGHJ4*02
32	VRC-CH31_H gi|343794388|gb|JN159435| Homo sap	1	1.89	GCGAGGGCCCAGAAAAGGGGGCGGAGTGAGTGGGCCTACGCCCAC	ARAQKRGRSEWAYAH	Yes	VH	IGHV1-2*02	IGHD1-26*01,IGHD3-3*01,IGHD3-3*02	IGHJ1*01
33	3BNC60_H gi|346983257|gb|HE584535| Homo sapie	1	1.89	GCGCGACAACGCAGCGACTTTTGGGATTTCGACGTC	ARQRSDFWDFDV	Yes	VH	IGHV1-2*02	IGHD3-3*01	IGHJ2*01
34	3BNC117_H gi|346983261|gb|HE584537| Homo sapi	1	1.89	GCGCGACAGCGCAGCGACTATTGGGATTTCGACGTC	ARQRSDYWDFDV	Yes	VH	IGHV1-2*02	IGHD6-25*01	IGHJ2*01
35	12A21_H gi|346983269|gb|HE584541| Homo sapien	1	1.89	GCGCGAGATGAGAGCGGGGACGACCTCAAGTGGCACCTACATCCC	ARDESGDDLKWHLHP	Yes	VH	IGHV1-2*02	IGHD1-26*01	IGHJ5*02
36	PGT123_H gi|344323220|gb|JN201896|	1	1.89	GCGCGAGCACTTCACGGGAAGAGGATTTATGGGATAGTTGCCCTCGGAGAGTTGTTCACCTACTTCTACATGGACGTC	ARALHGKRIYGIVALGELFTYFYMDV	Yes	VH	IGHV4-59*01	IGHD3-10*01,IGHD3-10*02	IGHJ6*03
37	PGT125_H gi|344323222|gb|JN201897| Synthetic 	1	1.89	GCGCGATTCGACGGCGAAGTCTTGGTCTATAATCATTGGCCAAAGCCGGCCTGGGTGGACCTC	ARFDGEVLVYNHWPKPAWVDL	Yes	VH	IGHV4-39*07	IGHD1-14*01,IGHD1-20*01,IGHD1-7*01	IGHJ5*02
38	PGT126_H gi|344323224|gb|JN201898.1| Syntheti	1	1.89	GCGCGATTCGACGGCGAAGTTTTGGTGTACCACGATTGGCCAAAGCCGGCCTGGGTCGACCTC	ARFDGEVLVYHDWPKPAWVDL	Yes	VH	IGHV4-39*07	IGHD2-8*01,IGHD2-8*02	IGHJ5*02
39	PGT127_H gi|344323226|gb|JN201899.1| Homo sap	1	1.89	GCGCGATTCGGCGGCGAAGTTCTAGTGTACAGAGATTGGCCAAAGCCGGCCTGGGTCGACCTC	ARFGGEVLVYRDWPKPAWVDL	Yes	VH	IGHV4-39*07	IGHD5-24*01	IGHJ5*02
40	PGT128_H gi|344323228|gb|JN201900| Homo sapie	1	1.89	GCGCGATTCGGCGGCGAAGTTTTACGCTACACGGATTGGCCAAAGCCGGCCTGGGTCGACCTC	ARFGGEVLRYTDWPKPAWVDL	Yes	VH	IGHV4-39*07	IGHD5-24*01	IGHJ5*02
41	PGDM1412_H gi||gb||	1	1.89	GTAAAAGGTCTAAAATTTAGGCTGAGAGAGTGGTCAGACTATAATGAATTCGGCCTAGTGGCGGCTCAACATGGAGACTACGTGACACAAATGGAGGTC	VKGLKFRLREWSDYNEFGLVAAQHGDYVTQMEV	Yes	VH	IGHV1-8*01	IGHD3-3*01,IGHD3-3*02,IGHD5-12*01	IGHJ6*02
42	PGDM1404_H gi||gb||	1	1.89	GTAAGAGGCGCAAAATTTCGGTTGAGACATGACGCCACTTATGATTACTGGAACGACTTACTTTGGGCTGACGACCGTGACTACGTGACGCAGTTAGACCTT	VRGAKFRLRHDATYDYWNDLLWADDRDYVTQLDL	Yes	VH	IGHV1-8*01	IGHD1-1*01,IGHD1-20*01	IGHJ5*02
43	PGT130_H gi|344323230|gb|JN201901| Homo sapie	1	1.89	GTACGATCCGGCGGCGACATCTTATATTATTATGAGTGGCAAAAGCCGCACTGGTTCTCTCCC	VRSGGDILYYYEWQKPHWFSP	Yes	VH	IGHV4-39*07	IGHD3-22*01	IGHJ5*02
44	CAP256-VRC26.11_H gi|612405071|gb|KJ134876.1|	1	1.89	GTCAAAGATATGCGAGAGTTGGAGTGTGAAGAGTGGGCGTCGGATTACTACGATTTTGGGAAGCCTCAGCCTTGTC	VKDMRELECEEWASDYYDFGKPQPC	No	VH	IGHV3-30*18,IGHV3-30-5*01	IGHD3-3*01	IGHJ3*01
45	PGDM1405_H gi||gb||	1	1.89	GTCAGAGGCGCAAAGTTCAGGTTGAGACATGACGCAACATATGATTACTACAATGACTTGCTTTGGGCTGACGACCGTGACTACGTGACGCAGTTGGACCTT	VRGAKFRLRHDATYDYYNDLLWADDRDYVTQLDL	Yes	VH	IGHV1-8*02	IGHD3-16*01,IGHD3-16*02	IGHJ6*02
46	PGDM1409_H gi||gb||	1	1.89	GTCAGAGGCGCAAAGTTCAGGTTGAGACATGACGCAACATATGATTACTGGAATGACTTGCTTTGGGCTGACGACCGTGACTACGTGACGCAGTTGGACCTT	VRGAKFRLRHDATYDYWNDLLWADDRDYVTQLDL	Yes	VH	IGHV1-8*01,IGHV1-8*02	IGHD3-16*01,IGHD3-16*02	IGHJ6*02
47	PGDM1406_H gi||gb||	1	1.89	GTGAAAGGCCAAAAGTTCAGGCTGACAGAGTGGGCTGACTACAATGAATTCGGCCTAGTGGCGGCTCAAAAAGGAGACTACGTGACACAGCTGGACGTC	VKGQKFRLTEWADYNEFGLVAAQKGDYVTQLDV	Yes	VH	IGHV1-8*01	IGHD4-11*01,IGHD4-4*01	IGHJ6*02
48	PGDM1407_H gi||gb||	1	1.89	GTGAAAGGTCAAAAGTTTCGGCTGACAGAGTGGGCTGACTATAATGAATTCGGCCTGGTGGCGGCTGAAAAAGGAGACTACGTGACACAACTGGACGTC	VKGQKFRLTEWADYNEFGLVAAEKGDYVTQLDV	Yes	VH	IGHV1-8*01	IGHD2-8*02	IGHJ6*02
49	PGT137_H gi|344323238|gb|JN201905.1| Homo sap	1	1.89	GTGAAGCACAAATATCATGACATTGTCATGGTGGTCCCCATTGCGGGCTGGTTCGACCCC	VKHKYHDIVMVVPIAGWFDP	Yes	VH	IGHV4-39*01,IGHV4-39*02,IGHV4-39*07	IGHD2-15*01,IGHD2-8*02	IGHJ5*02
50	PGDM1410_H gi||gb||	1	1.89	GTGAGAGGCTCAAAATTTAGGTTGAGAAATGACGCTATCTACGATTATTGGAACGACTTACTTTGGGCTGACGACGGTGACTACGTGACGAAGTTGGACCTT	VRGSKFRLRNDAIYDYWNDLLWADDGDYVTKLDL	Yes	VH	IGHV1-8*01	IGHD3-3*01	IGHJ6*02
51	PGDM1403_H gi||gb||	1	1.89	GTTAAGGGCTCAAAGTTTAGGCTGAGGGAGTGGGCTGATTACAATGAA	VKGSKFRLREWADYNE	Yes	VH	IGHV1-8*01	IGHD3-22*01	IGHJ1*01,IGHJ2*01,IGHJ3*01
52	PGT131_H gi|344323232|gb|JN201902| Homo sapie	1	1.89	GTTCGATCCGGCGGCGACATTTTATACTATATTGAGTGGCAAAAACCCCACTGGTTCTATCCC	VRSGGDILYYIEWQKPHWFYP	Yes	VH	IGHV4-39*07	IGHD2-8*01,IGHD2-8*02,IGHD3-9*01	IGHJ5*02
53	PGT145_H gi|344323248|gb|JN201910| Homo sapie	1	1.89	TTGACCGGCTCAAAACATCGCCTGCGAGATTATTTTCTGTACAATGAATATGGCCCCAATTATGAAGAGTGGGGTGACTACCTTGCGACTTTGGACGTC	LTGSKHRLRDYFLYNEYGPNYEEWGDYLATLDV	Yes	VH	IGHV1-8*01	IGHD5-24*01	IGHJ3*01
