Abs	V gene	D gene	J gene	CDR3	CDR3 length	Clone Name	Origin	Year	Acc. No.
FI174	IGHV1-69*01	IGHD3-10*01	IGHJ4*02	AGSATYYESRFDY	13	1	BC	2008	KJ922331
FI206	IGHV1-69*01	IGHD3-10*01	IGHJ4*02	AGSGTYFVSRFDY	13	1	BC	2008	KJ922228
FI271	IGHV1-69*01	IGHD3-16*01	IGHJ4*02	AGSATYYESRFDY	13	1	BC	2008	KJ922345
FI338	IGHV1-69*01	IGHD1-26*01	IGHJ4*02	AGSGTYYVSRFDS	13	1	BC	2008	KJ922184
FI385	IGHV1-69*01	IGHD3-16*01	IGHJ4*02	AGSATYYESRFDY	13	1	PC	2009	KJ922320
FI387	IGHV1-69*01	IGHD3-16*01	IGHJ4*02	AGSATYYESRFDY	13	1	PC	2009	KJ922309
FI392	IGHV1-69*01	IGHD3-9*01	IGHJ4*02	ATSATYYISYFDS	13	1	PC	2009	KJ922229
FI4007	IGHV1-69*01	IGHD3-10*01	IGHJ4*02	ATSPTYYISHLDS	13	1	PC	2009	KJ922306
FI416	IGHV1-69*01	IGHD3-16*01	IGHJ4*02	AGSATYYESRFDY	13	1	PC	2009	KJ922226
FI417	IGHV1-69*01	IGHD1-26*01	IGHJ4*02	AGSGTYFVSRFDY	13	1	PC	2009	KJ922230
FI424	IGHV1-69*01	IGHD3-16*01	IGHJ4*02	AGSATYYESRFDY	13	1	PC	2009	KJ922291
FI430	IGHV1-69*01	IGHD3-9*01	IGHJ4*02	ATSATYYISYFDS	13	1	PC	2009	KJ922200
FI431	IGHV1-69*01	IGHD5/OR15-5a*01	IGHJ4*02	AGSETYFVSRFDY	13	1	PC	2009	KJ922186
FI432	IGHV1-69*01	IGHD1-26*01	IGHJ4*02	AGSGTYYVSRFDY	13	1	PC	2009	KJ922171
FI444	IGHV1-69*01	IGHD3-16*01	IGHJ4*02	AGSATYYESRFDY	13	1	PC	2009	KJ922239
FI447	IGHV1-69*01	IGHD3-16*01	IGHJ4*02	AGSATYYESRFDY	13	1	PC	2009	KJ922263
FI459	IGHV1-69*01	IGHD3-16*01	IGHJ4*02	AGSATYYESRFDY	13	1	PC	2009	KJ922196
FI467	IGHV1-69*01	IGHD3-16*01	IGHJ4*02	AGSATYYESRFDY	13	1	PC	2009	KJ922257
FI499	IGHV1-69*01	IGHD3-10*01	IGHJ4*02	ATSATYYISHFDY	13	1	PC	2009	KJ922212
FI501	IGHV1-69*01	IGHD3-10*01	IGHJ4*02	ATSGTYYISHFDS	13	1	PC	2009	KJ922266
FI5119	IGHV1-69*01	IGHD1-26*01	IGHJ4*02	AESGTYFVSRFDN	13	1	BC	2012	KJ922223
FI5138	IGHV1-69*01	IGHD3-10*01	IGHJ4*02	AGSETYYVSRFDH	13	1	BC	2012	KJ922172
FI5153	IGHV1-69*01	IGHD1-26*01	IGHJ4*02	AESGTYFVSRFDS	13	1	BC	2012	KJ922240
FI527	IGHV1-69*01	IGHD3-10*01	IGHJ4*02	AGSGTYYVSRFDY	13	1	PC	2009	KJ922295
FI528	IGHV1-69*01	IGHD3-10*01	IGHJ4*02	ATSPTYYISHLDS	13	1	PC	2009	KJ922193
FI531	IGHV1-69*01	IGHD3-16*01	IGHJ4*02	AGSATYYESRFDY	13	1	PC	2009	KJ922188
FI555	IGHV1-69*01	IGHD3-16*01	IGHJ4*02	AGSATYYESRFDY	13	1	PC	2009	KJ922338
FI891	IGHV1-69*01	IGHD3-10*01	IGHJ4*02	AGSATYYVSRFDY	13	1	BC	2009	KJ922285
FI152	IGHV1-69*01	IGHD1-26*01	IGHJ4*02	ARDAGYYSGSYYEQ	14	2	BC	2008	KJ922185
FI163	IGHV1-69*01	IGHD1-26*01	IGHJ4*02	AREAGYYSGSYYEL	14	2	BC	2008	KJ922264
FI171	IGHV1-69*01	IGHD1-26*01	IGHJ4*02	AREAGYYSGSYYEL	14	2	BC	2008	KJ922190
FI3153	IGHV1-69*01	IGHD1-26*01	IGHJ4*02	AREAGYYSGSYYEL	14	2	BC	2011	KJ922163
FI3203	IGHV1-69*01	IGHD1-26*01	IGHJ4*02	AREAGYYSGSYYEL	14	2	BC	2011	KJ922202
FI388	IGHV1-69*01	IGHD1-26*01	IGHJ4*02	ARDAGYYSGSYYEQ	14	2	PC	2009	KJ922192
FI398	IGHV1-69*01	IGHD1-26*01	IGHJ4*02	ARDAGYYSGSYYEQ	14	2	PC	2009	KJ922207
FI4008	IGHV1-69*01	IGHD1-26*01	IGHJ4*02	ARDAGYYSGSYYEQ	14	2	PC	2012	KJ922326
FI4017	IGHV1-69*01	IGHD1-26*01	IGHJ4*02	ARDAGYYSGSYYEQ	14	2	PC	2012	KJ922347
FI490	IGHV1-69*01	IGHD1-26*01	IGHJ4*02	ARDAGYYSGSYYEQ	14	2	PC	2009	KJ922166
FI530	IGHV1-69*01	IGHD1-26*01	IGHJ4*02	ARDAGYYSGSYYEQ	14	2	PC	2009	KJ922199
FI823	IGHV1-69*06	IGHD3-3*01	IGHJ4*02	AREAAYYTGTYYEQ	14	2	PC	2010	KJ922287
FI12	IGHV1-69*01	IGHD6-19*01	IGHJ4*02	AKRYSSGWYSFDY	13	5	PC	2008	KJ922210
FI182	IGHV1-69*12	IGHD6-19*01	IGHJ4*02	AKRYNSGWYSFDY	13	5	BC	2008	KJ922280
FI209	IGHV1-69*12	IGHD6-19*01	IGHJ4*02	AKRYNSGWYSFDY	13	5	BC	2008	KJ922296
FI211	IGHV1-69*12	IGHD6-19*01	IGHJ4*02	AKRYNSGWYSFDY	13	5	BC	2008	KJ922211
FI264	IGHV1-69*12	IGHD6-19*01	IGHJ4*02	AKRYNSGWYSFDY	13	5	BC	2008	KJ922303
FI281	IGHV1-69*12	IGHD6-19*01	IGHJ4*02	AKRYNSGWYSFDY	13	5	BC	2008	KJ922237
FI288	IGHV1-69*12	IGHD6-19*01	IGHJ4*02	AKRYNSGWYSFDY	13	5	BC	2008	KJ922324
FI297	IGHV1-69*12	IGHD6-19*01	IGHJ4*02	AKRYNSGWYSFDY	13	5	BC	2008	KJ922189
FI302	IGHV1-69*12	IGHD6-19*01	IGHJ4*02	AKRYNSGWYSFDY	13	5	BC	2008	KJ922181
FI3095	IGHV1-69*01	IGHD6-19*01	IGHJ4*02	AKRYSSGWYSFDY	13	5	BC	2011	KJ922339
FI339	IGHV1-69*12	IGHD6-19*01	IGHJ4*02	AKRYSSGWYFFDY	13	5	BC	2008	KJ922275
FI343	IGHV1-69*12	IGHD6-19*01	IGHJ4*02	AKRYSSGWYFFDY	13	5	BC	2008	KJ922316
FI359	IGHV1-69*12	IGHD6-19*01	IGHJ4*02	AKRYSSGWYFFDY	13	5	BC	2008	KJ922272
FI390	IGHV1-69*01	IGHD6-19*01	IGHJ4*02	ASRYSSGWYYFDY	13	5	PC	2009	KJ922241
FI154	IGHV1-69*01	IGHD5-12*01	IGHJ4*02	ARHSGYHFQSYFDN	14	9	BC	2008	KJ922165
FI225	IGHV1-69*01	IGHD5-12*01	IGHJ4*02	AKGSGYHVRDHFDD	14	9	BC	2008	KJ922268
FI325	IGHV1-69*01	IGHD3-3*01	IGHJ4*02	ARGSGYHVRDYFDL	14	9	BC	2008	KJ922317
FI353	IGHV1-69*01	IGHD3-3*01	IGHJ4*02	AKGSGYHVRDYFDY	14	9	BC	2008	KJ922335
FI469	IGHV1-69*01	IGHD6-25*01	IGHJ4*02	ARGSGYHVTDYFDL	14	9	PC	2009	KJ922236
FI372	IGHV1-69*01	IGHD2-15*01	IGHJ5*02	ARGQGYCISASCPNYFDP	18	14	PC	2009	KJ922238
FI373	IGHV1-69*12	IGHD2-15*01	IGHJ5*02	ARGQGYCISANCPNWFDP	18	14	PC	2009	KJ922224
FI404	IGHV1-69*01	IGHD2-15*01	IGHJ5*02	ARGQGYCISPNCPNWFDP	18	14	PC	2009	KJ922343
FI457	IGHV1-69*01	IGHD2-15*01	IGHJ5*02	ARGQGYCISASCPNYFDP	18	14	PC	2009	KJ922322
FI3066	IGHV1-69*01	IGHD1-26*01	IGHJ4*02	ARGRNYYHTSLEY	13	19	BC	2011	KJ922204
FI393	IGHV1-69*01	IGHD1-7*01	IGHJ4*02	ARGGNYYHTSLDY	13	19	PC	2009	KJ922319
FI525	IGHV1-69*01	IGHD1-7*01	IGHJ4*02	ARGGNYYHTSLDY	13	19	PC	2009	KJ922302
FI538	IGHV1-69*01	IGHD2/OR15-2a*01	IGHJ4*02	ARGGKYYHTGLDY	13	19	PC	2009	KJ922174
FI191	IGHV1-2*04	IGHD3-9*01	IGHJ5*02	VRGEAVLQYFDWQINWFDT	19	3	BC	2008	KJ922314
FI200	IGHV1-2*04	IGHD3-9*01	IGHJ5*02	VRGEAVLQHFDWQINWFDT	19	3	BC	2008	KJ922279
FI3083	IGHV1-2*04	IGHD3-9*01	IGHJ5*02	ARGEAVLQYFDWQINWFDP	19	3	BC	2011	KJ922213
FI311	IGHV1-2*04	IGHD3-9*01	IGHJ5*02	VRGEAVLQYFDWQINWFDT	19	3	BC	2008	KJ922231
FI3157	IGHV1-2*04	IGHD3-9*01	IGHJ5*02	VRGEAVLQYFDWQINWFDT	19	3	BC	2011	KJ922346
FI340	IGHV1-2*04	IGHD3-9*01	IGHJ5*02	VRGEAVLQYFDWQINWFDT	19	3	BC	2008	KJ922269
FI52	IGHV1-2*04	IGHD3-9*01	IGHJ5*02	VRGEAVLQYFDWQINWFDT	19	3	PC	2008	KJ922208
FI547	IGHV1-2*04	IGHD3-9*01	IGHJ5*02	ARGEAVFQYFDWQVNWFDT	19	3	PC	2009	KJ922278
FI2013	IGHV3-30*18	IGHD3-9*01	IGHJ5*02	AKDSQLRSLLYFEWLSQGSFDP	22	4	PC	2011	KJ922325
FI370	IGHV3-30*18	IGHD3-9*01	IGHJ4*02	AKDSQLRSLLYFDWLSQGYFDH	22	4	PC	2009	JN234436
FI4001	IGHV3-30*18	IGHD3-9*01	IGHJ5*02	AKDSQLRSLLYFEWLSQGYFDP	22	4	PC	2012	KJ922290
FI4010	IGHV3-30*18	IGHD3-9*01	IGHJ5*02	AKDSQLRSLLYFEWLSQGYFDP	22	4	PC	2012	KJ922214
FI4013	IGHV3-30*18	IGHD3-9*01	IGHJ5*02	AKDSQLRSLLYFEWLSQGSFDP	22	4	PC	2012	KJ922321
FI442	IGHV3-30*18	IGHD3-9*01	IGHJ5*02	AKDSQLRSLLYFEWLSQGYFDP	22	4	PC	2009	JN234434
FI510	IGHV3-30*18	IGHD3-9*01	IGHJ5*02	AKDSQLRSLLYFEWLSQGYFDP	22	4	PC	2009	JN234433
FI6038	IGHV3-30*18	IGHD3-9*01	IGHJ4*02	AKDSLLRSLLYFDWLSQGYFDH	22	4	BC	2010	KJ922281
FI6	IGHV3-30*18	IGHD3-9*01	IGHJ5*02	AKDSQLRSLLYFEWLSQGYFDP	22	4	PC	2008	JN234439
FI802	IGHV3-30*18	IGHD3-9*01	IGHJ5*02	AKDSQLRSLLYFEWLSQGYFDP	22	4	PC	2010	JN234432
FI804	IGHV3-30*18	IGHD3-9*01	IGHJ5*02	AKDSQLRSLLYFEWLSQGYFDP	22	4	PC	2010	JN234431
FI825	IGHV3-30*18	IGHD3-9*01	IGHJ5*02	AKDSQLRSLLYFEWLSQGYFDP	22	4	PC	2010	KJ922270
FI226	IGHV4-61*01	IGHD3-16*01	IGHJ6*02	ARAPDRRFTMNIFGGDFAPTGMDV	24	6	BC	2008	KJ922349
FI433	IGHV4-61*01	IGHD3-16*01	IGHJ6*02	ARAPDRRFSMITFGGGSFAPTGMDV	25	6	PC	2009	KJ922164
FI468	IGHV4-61*01	IGHD3-16*01	IGHJ6*02	ARAPDRRFTMNIFGGDFAPTGMDV	24	6	PC	2009	KJ922252
FI473	IGHV4-61*01	IGHD3-16*01	IGHJ6*02	ARAPDRRFTMNMFGGEFAPTGMDV	24	6	PC	2009	KJ922289
FI475	IGHV4-61*01	IGHD3-16*01	IGHJ6*02	ARAPDRRFSMTTFGGGSFAPTGLDV	25	6	PC	2009	KJ922284
FI550	IGHV4-61*01	IGHD3-16*01	IGHJ6*02	ARAPDRRFSMITFGGGSFAPTGMDV	25	6	PC	2009	KJ922273
FI1013	IGHV3-30*18	IGHD3-9*01	IGHJ4*02	AKERPLRLLRFFDWLSGGANDY	22	7	BC	2009	KJ922337
FI28	IGHV3-30*18	IGHD3-9*01	IGHJ4*02	AKERPLRLLRYFDWLSGGANDY	22	7	PC	2008	KJ922180
FI3055	IGHV3-30*18	IGHD3-9*01	IGHJ4*02	AKERPLRLLRYFDWLSGGANDY	22	7	BC	2011 (pre)	KJ922276
FI3164	IGHV3-30*18	IGHD3-9*01	IGHJ4*02	AKERPLRLLRYFDWLSGGANDY	22	7	BC	2011	KJ922294
FI292	IGHV4-61*01	IGHD5-12*01	IGHJ3*01	ARASPAIPPSSRRYTGKVAPHVFDV	25	8	BC	2008	KJ922247
FI299	IGHV4-61*01	IGHD5-18*01	IGHJ3*01	ARASPATPPSSRRYTGKVAPHVYDF	25	8	BC	2008	KJ922162
FI491	IGHV4-30-4*01	IGHD2-15*01	IGHJ6*02	ARDHLELGFCSGGSCYSGKLNYYYYGM	DV 29	11	PC	2009	KJ922277
FI552	IGHV4-30-4*01	IGHD2-15*01	IGHJ6*02	ARDHLELGFCSGGSCYSGKLNYYYYGM	DV 29	11	PC	2009	KJ922262
FI553	IGHV4-30-4*01	IGHD2-15*01	IGHJ6*02	ARDHLELGFCSGGSCYSGKLNYYYYGM	DV 29	11	PC	2009	KJ922183
FI820	IGHV4-30-4*01	IGHD2-15*01	IGHJ6*02	ARDHLELGFCSGGSCYSGKLNYYYYGM	DV 29	11	PC	2010	KJ922218
FI915	IGHV4-61*01	IGHD3-3*01	IGHJ4*02	ARALRTGVEAVRYYFDC	17	12	BC	2009	KJ922244
FI921	IGHV4-61*01	IGHD3/OR15-3a*01	IGHJ4*02	ARVPRTGLDAVRYYFDY	17	12	BC	2009	KJ922332
FI1209	IGHV3-30*18	IGHD3-9*01	IGHJ3*01	AKEERARILRYFDWLAHAAFDV	22	15	BC	2009	KJ922178
FI203	IGHV3-30*18	IGHD3-9*01	IGHJ6*02	AKEGGARILRYFDWLAHDALDV	22	15	BC	2008	KJ922173
FI3003	IGHV3-30*18	IGHD3-9*01	IGHJ6*02	AKEGGARILRYFDWLAHDALDV	22	15	PC	2011	KJ922300
FI3011	IGHV3-30*18	IGHD3-9*01	IGHJ3*02	AKEEKARILRYFDWLSHAAFDI	22	15	PC	2011	KJ922313
FI873	IGHV3-30*18	IGHD3-9*01	IGHJ3*01	AKEERARILRYFDWLAHAAFDV	22	15	BC	2009	KJ922350
FI478	IGHV1-3*01	IGHD3-3*01	IGHJ6*02	ARGAPTDDFWSAYYPNGMDV	20	16	PC	2009	KJ922288
FI485	IGHV1-3*01	IGHD3-3*01	IGHJ6*02	ARGAPTDDFWSAYYPNGMDV	20	16	PC	2009	KJ922256
FI494	IGHV1-3*01	IGHD3-3*01	IGHJ6*02	ARGAPTHDFWSAYYPYGMDV	20	16	PC	2009	KJ922206
FI3009	IGHV1-3*01	IGHD3-3*01	IGHJ4*02	ARGNPNHDFWSSYYPGSFDC	20	17	PC	2011	KJ922351
FI3103	IGHV1-3*01	IGHD3-3*01	IGHJ4*02	ARGNPNHDFWSSYYPGSFDC	20	17	BC	2011	KJ922175
FI3161	IGHV1-3*01	IGHD3-3*01	IGHJ4*02	ARGNPNHDFWSSYYPGSFDC	20	17	BC	2011	KJ922225
FI6007	IGHV4-59*01	IGHD3/OR15-3a*01	IGHJ3*01	ARDRTGINSLNALDV	15	18	BC	2010	KJ922182
FI6063	IGHV4-59*01	IGHD3/OR15-3a*01	IGHJ3*01	TRDRTGINSLNALDV	15	18	BC	2010	KJ922301
FI1309	IGHV1-69*12	IGHD1-26*01	IGHJ6*02	ASGRDFYYYGMDV	13	N/A	BC	2009	KJ922352
FI250	IGHV1-69*12	IGHD3-10*01	IGHJ4*02	ARAENYHGSGSYYRH	15	N/A	BC	2008	KJ922274
FI295	IGHV1-69*12	IGHD2-15*01	IGHJ1*01	ASPPAKTVVVSHAEYFQY	18	N/A	BC	2008	KJ922168
FI3005	IGHV1-69*12	IGHD3-22*01	IGHJ3*01	ARDPYFYDSSGYYTYSLDV	19	N/A	PC	2011	KJ922261
FI3016	IGHV1-69*06	IGHD1-26*01	IGHJ4*02	ARNREGSFDF	10	N/A	PC	2011	KJ922201
FI3096	IGHV1-69*01	IGHD3-22*01	IGHJ6*02	AKAQYYDSPRDAADFYFYAMDV	22	N/A	BC	2011	KJ922341
FI3120	IGHV1-69*01	IGHD3-16*01	IGHJ4*02	ARSLASLTGDY	11	N/A	BC	2011	KJ922260
FI3357	IGHV1-69*01	IGHD1-26*01	IGHJ4*02	ARGKNYYEDYFDT	13	N/A	BC	2011	KJ922219
FI4004	IGHV1-69*12	IGHD5-18*01	IGHJ5*02	ARGRGYHFGDLVS	13	N/A	PC	2012	KJ922177
FI400	IGHV1-69*01	IGHD3-22*01	IGHJ4*02	ATSPTYYESSLDF	13	N/A	PC	2009	KJ922170
FI4012	IGHV1-69*01	IGHD5-24*01	IGHJ4*02	ARDGFSKSWLD	11	N/A	PC	2011	KJ922308
FI512	IGHV1-69*01	IGHD1-26*01	IGHJ4*01	ARGKNYYEDYFDT	13	N/A	PC	2009	KJ922205
FI5141	IGHV1-69*01	IGHD3-16*01	IGHJ6*01	ARRYGSTSGVNTGGVSGFYYYGMDV	25	N/A	BC	2012	KJ922234
FI520	IGHV1-69*01	IGHD3-10*01	IGHJ4*02	ARGPHYYLNYFDY	13	N/A	PC	2009	KJ922312
FI521	IGHV1-69*01	IGHD5-24*01	IGHJ4*02	ARTKSTIYPPYYFDY	15	N/A	PC	2009	KJ922311
FI81	IGHV1-69*01	IGHD3-3*01	IGHJ6*02	ATDGRQIFGASNRSGMDV	18	N/A	PC	2008	KJ922265
FI1147	IGHV1-46*01	IGHD2-15*01	IGHJ5*02	ARALGYCSGGTCSGASSVWFDT	22	N/A	BC	2009	KJ922327
FI1217	IGHV1-46*01	IGHD3-22*01	IGHJ4*02	ARGRFHYDSSGFYGLSDY	18	N/A	BC	2009	KJ922246
FI175	IGHV1-24*01	IGHD3-9*01	IGHJ6*02	ATGANILTGPASRPYSYYGLDV	22	N/A	BC	2008	KJ922333
FI257	IGHV1-3*01	IGHD3-3*01	IGHJ4*02	ARGNANSDFWSSYHPGTFDY	20	N/A	BC	2008	KJ922330
FI284	IGHV1-46*01	IGHD1-26*01	IGHJ4*02	ARSWGIVGVTLHTSFDY	17	N/A	BC	2008	KJ922227
FI3067	IGHV1-3*01	IGHD3-10*01	IGHJ4*02	ARGHYYGSGSYFPPWAH	17	N/A	BC	2011	KJ922198
FI3085	IGHV1-2*04	IGHD2-8*02	IGHJ5*02	ARVTRYWSPFFGS	13	N/A	BC	2011	KJ922305
FI3137	IGHV1-46*02	IGHD2-8*01	IGHJ4*02	ARGGEIVQFREHGDLDY	17	N/A	BC	2011	KJ922187
FI3146	IGHV1-18*01	IGHD3-10*01	IGHJ6*02	ARFGLGTTIVEVPYYYYGMDV	21	N/A	BC	2011	KJ922217
FI314	IGHV1-46*01	IGHD3-22*01	IGHJ5*01	AREGTYYYDSSGLNWFDS	18	N/A	BC	2008	KJ922315
FI3352	IGHV1-46*01	IGHD3-22*01	IGHJ5*01	AREGTYYYDSSGLNWFDS	18	N/A	BC	2008	KJ922286
FI381	IGHV1-8*02	IGHD3-16*01	IGHJ5*02	VREREHLTVSGMLSETVKLHRHFDP	25	N/A	PC	2009	KJ922310
FI504	IGHV1-3*01	IGHD2-15*01	IGHJ4*02	ARDYEHCTGGSCLGY	15	N/A	PC	2009	KJ922297
FI541	IGHV1-46*01	IGHD4-11*01	IGHJ4*02	AKVQNDYSNYGPFDY	15	N/A	PC	2009	KJ922209
FI608	IGHV1-46*01	IGHD3-10*01	IGHJ6*02	ARAGPFFFGSGTYYRSSYGLDV	22	N/A	BC	2008 (pre)	KJ922255
FI868	IGHV1-3*01	IGHD3-3*01	IGHJ6*02	ARDRMELRFLEWLNYGMDV	19	N/A	BC	2009	KJ922267
FI93	IGHV1-18*01	IGHD3-3*01	IGHJ5*02	AREEGTYYDFWSANNWFDP	19	N/A	PC	2008	KJ922342
FI3075.101	IGHV2-5*02	IGHD3-10*02	IGHJ4*02	ALNVPPRPFDH	11	N/A	BC	2011	KJ922340
FI1011	IGHV3-9*01	IGHD5-24*01	IGHJ4*02	AKAFSGGDAYNWGLWDYFDY	20	N/A	BC	2009	KJ922348
FI1019	IGHV3-49*05	IGHD1-20*01	IGHJ3*01	ARVGRNNWNARHAFDV	16	N/A	BC	2009	KJ922251
FI1138	IGHV3-9*01	IGHD3-22*01	IGHJ2*01	VKDGGMGSSGYLYWHFDL	18	N/A	BC	2009	KJ922329
FI1154	IGHV3-48*02	IGHD5-12*01	IGHJ6*01	ARAITPGIRHALDV	14	N/A	BC	2009	KJ922233
FI1172	IGHV3-48*02	IGHD3-16*01	IGHJ4*02	ARDSKGWRRVTRGSYDY	17	N/A	BC	2009	KJ922318
FI1178	IGHV3-30-3*01	IGHD1-1*01	IGHJ4*02	ARDRATADTTFEF	13	N/A	BC	2009	KJ922334
FI1305	IGHV3-23*01	IGHD2-21*02	IGHJ6*02	AKDKWRCDGDCSSNYYGMDV	20	N/A	BC	2009	KJ922216
FI168	IGHV3-33*01	IGHD6-19*01	IGHJ2*01	ARGQQWHTPTSVNWYFDL	18	N/A	BC	2008	KJ922176
FI215	IGHV3-7*01	IGHD1-7*01	IGHJ4*02	ARDGRLGWITGTTWS	15	N/A	BC	2008	KJ922197
FI216	IGHV3-33*03	IGHD3-10*01	IGHJ4*02	VRAPDHYGSGTVVEAFDY	18	N/A	BC	2008	KJ922328
FI242	IGHV3-23*01	IGHD1-1*01	IGHJ4*02	AKAGAGYYPRLERRASRHFYFDS	23	N/A	BC	2008	KJ922243
FI273	IGHV3-9*01	IGHD2-8*01	IGHJ5*02	TKDRLLRAARTRGPPRGFDP	20	N/A	BC	2008	KJ922336
FI301	IGHV3-30*18	IGHD2-2*01	IGHJ4*02	AKVASRYCITTSCYRSGRTVDY	22	N/A	BC	2008	KJ922242
FI3082	IGHV3-30*18	IGHD2-15*01	IGHJ4*02	AKDQTVVSVAAALFDY	16	N/A	BC	2011	KJ922220
FI345	IGHV3-49*04	IGHD2-15*01	IGHJ4*02	SGRYCSGSRCFDY	13	N/A	BC	2008	KJ922323
FI358	IGHV3-30*18	IGHD1-26*01	IGHJ3*02	ANDDVVGGSIRFGSSSRPPVGLKAFEI	27	N/A	BC	2008	KJ922250
FI377	IGHV3-21*01	IGHD3-22*01	IGHJ3*01	AREANYQRFTTYEPFDV	17	N/A	PC	2009	KJ922307
FI394	IGHV3-9*01	IGHD6-19*01	IGHJ4*02	AKDVRSAGLAVAGFES	16	N/A	PC	2009	KJ922222
FI4002	IGHV3-11*01	IGHD3/OR15-3a*01	IGHJ5*01	VRNLGGRYSFGLYDRFDS	18	N/A	PC	2012	KJ922203
FI418	IGHV3-30-3*01	IGHD3-3*01	IGHJ6*02	ATGSGYYKRDYDYGMDV	17	N/A	PC	2009	KJ922195
FI460	IGHV3-15*07	IGHD3-10*01	IGHJ6*02	TTSMVRGVIRTADSSYYGMDV	21	N/A	PC	2009	KJ922254
FI4	IGHV3-7*03	IGHD1-1*01	IGHJ4*02	AREDEWNAGAD	11	N/A	PC	2008	KJ922215
FI503	IGHV3-74*01	IGHD3-22*01	IGHJ4*02	VRDYLTSYYSSSGDDFDY	18	N/A	PC	2009	KJ922299
FI61	IGHV3-9*01	IGHD3-9*01	IGHJ4*02	TRDLYRGEAYYFDS	14	N/A	PC	2008	KJ922248
FI854	IGHV3-30-3*01	IGHD2-15*01	IGHJ4*02	ARDMRDCVTTRSCYRGPFDY	20	N/A	BC	2009	KJ922249
FI898	IGHV3-33*01	IGHD2/OR15-2a*01	IGHJ4*02	ARGPFGLLDY	10	N/A	BC	2009	KJ922191
FI1001	IGHV4-30-2*01	IGHD1-26*01	IGHJ6*02	ARAGGGYSGRSSHYYSYGMDV	21	N/A	BC	2009	KJ922259
FI1155	IGHV4-4*02	IGHD3-10*01	IGHJ4*02	ARSIGSGTYYNPRRVFDY	18	N/A	BC	2009	KJ922258
FI1173	IGHV4-39*01	IGHD1-1*01	IGHJ4*02	ARRIRLPHYFDY	12	N/A	BC	2009	KJ922235
FI1184	IGHV4-30-4*01	IGHD3-16*02	IGHJ3*02	ARLWGTGYDYVWGSFRYHAFDI	22	N/A	BC	2009	KJ922304
FI1221	IGHV4-59*01	IGHD3-10*02	IGHJ4*02	ARDLTTLTMFQGVSYFDY	18	N/A	BC	2009	KJ922293
FI2007	IGHV4-59*01	IGHD1-14*01	IGHJ4*02	AREDGTVTSGGGHYFDL	17	N/A	PC	2011	KJ922253
FI3027	IGHV4-4*02	IGHD3-10*01	IGHJ6*02	AKLLVWFGTQIPNYYYAMDV	20	N/A	PC	2011	KJ922194
FI3074	IGHV4-4*02	IGHD3-3*01	IGHJ4*02	ARFNWYYDFLPGQSPDDF	18	N/A	BC	2011	KJ922232
FI3163	IGHV4-34*01	IGHD5-12*01	IGHJ5*02	ARHYGGYDWFDP	12	N/A	BC	2011	KJ922221
FI434	IGHV4-31*03	IGHD3-16*01	IGHJ5*02	ARDRGYYDNIWGYNRPTQNWFDP	23	N/A	PC	2009	KJ922169
FI436	IGHV4-31*03	IGHD1-26*01	IGHJ4*02	ATGADGEYSGDGLLAGSDY	19	N/A	PC	2009	KJ922271
FI43	IGHV4-30-4*01	IGHD3-3*01	IGHJ5*02	ARRPNIFGYNWFDP	14	N/A	PC	2008	KJ922344
FI495	IGHV4-30-2*01	IGHD3-16*02	IGHJ6*02	ARILSADYYYGMDV	14	N/A	PC	2009	KJ922283
FI582	IGHV4-31*03	IGHD2-15*01	IGHJ6*02	SRPGDSSLYYGMDV	14	N/A	PC	2009	KJ922292
FI587	IGHV4-39*01	IGHD3-22*01	IGHJ4*02	SRHRDYSSGWGFDQ	14	N/A	PC	2009	KJ922298
FI867	IGHV4-39*01	IGHD6-13*01	IGHJ4*02	ARLVNQMAAAGSLPGKRRFDS	21	N/A	BC	2009	KJ922167
FI869	IGHV4-59*01	IGHD2/OR15-2a*01	IGHJ6*02	ARIITEAPGFRWGPKERYNGMDV	23	N/A	BC	2009	KJ922179
FI16	IGHV5-51*03	IGHD3-3*01	IGHJ4*02	ARHEGFYDRSGYTKIPDF	18	N/A	PC	2008	KJ922282
FI922	IGHV6-1*01	IGHD3-10*01	IGHJ2*01	ARGQHLWMTYWYFDV	15	N/A	BC	2008	KJ922245
