Name	HV Identity	Predicted HV Gene	Predicted HJ gene	Predicted HD gene	CDR H3	CDR H3 Length	Heavy chain protein sequence	Predicted LV Gene	Predicted LJ gene	CDR L3 Length	Light chain protein sequence
54.a.01	97.22	HV1-18*01 F	HJ5*02 F	HD2-2*01 F	ARDRLQGAVALPTQQLNWFDP	21	QVQLVQSGAEVKKPGASVKVSCKASGYTFTSYGISWVRQAPGQGLEWMAWISAYTGNTNYAQKFQGRVTMSTDTSTSTAYMELRSLRSDDTAVYYCARDRLQGAVALPTQQLNWFDPWGQGTLVTVSS	KV3-11*01 F	KJ1*01 F	9	EIVMTQSPVSLSLSPGERATLSCRASQSVSSFLAWYQQKPGQAPRLLIYGASNRATDIPARFRGSGSGTDFTLTISSLEPEDFAVYYCQQHSNWPRTFGQGTKVETK
54.a.02	96.53	HV1-18*01 F	HJ5*02 F	HD2-2*01 F	ARDRLQGAVGLPSQQLNWFDP	21	QVQLVQSGAEVKKPGASVKVSCKASGYTFTSYGISWVRQAPGQGLEWMAWISAYTGNTNYAQKFQGRVTMSTDTSTSTAYMELRSLRSDDTAVYYCARDRLQGAVGLPSQQLNWFDPWGQGTLVTVSS	KV3-11*01 F	KJ1*01 F	9	EIVLTQGPVSLSLSPGERATLSCRASQSISTYLAWYQQKPGQAPRLLIYGASNRATDIPARFRGSGSGTDFTLTFSSLDPEDFAVYYCQQHSNWPRTFGQGTKVETK
54.a.03	95.83	HV1-18*01 F	HJ5*02 F	HD2-2*01 F	ARDRIQGAVVLPHKQVNWFDP	21	QVQLAQSGAEVKKPGASVKVSCKASGYTFTSYGISWVRQAPGQGLEWMAWISAYTGNTNYAQKFQGRVTLSTDTSTSTAYLELRSLRSDDTAVYYCARDRIQGAVVLPHKQVNWFDPWGQGTLVTVSS	KV3-11*01 F	KJ1*01 F	9	EIVLTQSPSSLSLSPGERATLSCRASQSVSSHLAWYQQKPGQAPRLLIFGASNRATDIPARFRGSGSGTDFTLTISSLEPEDFAVYYCQQHNNWPRTFGQGTKVETK
54.a.04	95.83	HV1-18*01 F	HJ5*02 F	HD3-10*02 F	ARDRLQGAVSLPSQQLNWFDP	21	QVQLVQSGAEVRKPGASVKVSCKASGYSFTSYGISWVRQAPGQGLEWMAWISAYTGNTNYAQKFQGRVTMSTDTSTSTAYMELRSLRSDDTAVYYCARDRLQGAVSLPSQQLNWFDPWGQGTLVTVSS	KV3-11*01 F	KJ1*01 F	9	EIVLTQAPVTLSLSPGERATLSCRASQSVSSYLAWYQQKPGQAPRLLIYGASNRATDIPARFRGSGSGTDFTLTISSLEPEDFAVYYCQQHSNWPRTFGQGTKVETK
54.a.05	95.14	HV1-18*01 F	HJ5*02 F	HD2-15*01 F	ARDRIQGAVVLPAQQVNWFDP	21	QLQLVQSGAEVKKPGASVKVSCKVSGYTFTNYGISWVRQAPGQGLEWMAWISGYTGNTNYAQKFQGRVTVSTDTSTSTAYMELRSLRHDDTAVYYCARDRIQGAVVLPAQQVNWFDPWGQGTLVTVSS	KV3-11*01 F	KJ1*01 F	9	EIVLTQSPASLSLSPGERATLSCRASQSVSNYLAWYQQKPGQAPRLLIFGASNRATGIPARFRGGGSGTDFTLTISSLEPEDFAVYYCQQHSNWPRTFGQGTKVETK
54.a.06	95.14	HV1-18*01 F	HJ5*02 F	HD2-2*01 F	ARDRIQGAVVLPDKQVNWFDP	21	QVQLVQSGAEVKKPGASVKVSCKASGYTFTSYGISWVRQAPGQGLEWMAWISAYTGDTKYAQKFQGRVTMSTDTSTSTAYMELRSLASDDTAVYYCARDRIQGAVVLPDKQVNWFDPWGQGTLVTVSS	KV3-11*01 F	KJ1*01 F	9	EIVMTQAPVTLSLSPGERATLSCRASQSVSNYLAWYQQKPGQAPRLLIFGASNRATDIPARFRGSGSGTDFTLTISNLEPEDFAVYYCQQHSNWPRTFGQGTKVETK
54.a.07	95.14	HV1-18*01 F	HJ5*02 F	HD2-2*01 F	ARDRIQGAVVLPNEQLNWFDP	21	QVQLVQSGAEVKKPGASVKVSCKASGYTFTSYGISWVRQAPGQGLEWMAWISAYTGDTNYAQKFQGRVTMSTDTSTGTAYMELRSLRSDDTAVYYCARDRIQGAVVLPNEQLNWFDPWGQGTLVTVSS	KV3-11*01 F	KJ1*01 F	9	EIVLTQAPVTLSLSPGERATLSCRASHSVSRYLAWYQQKPGQAPRLLIYGASNRATDIPARFRGSGSGTDFTLTISGLEPEDFAVYYCQQHSNWPRTFGRGTKVETK
54.a.08	95.14	HV1-18*01 F	HJ5*02 F	HD3-22*01 F	ARDRIQGAVVLPNEQLNWFDP	21	QVQLVQSGAEVKKPGASVKVSCKASGYTFTSYGISWVRQVPGQGLEWMAWISAYTGDTKYAQKFQGRVTMSTDTSTGTAYMELRSLRSDDTAVYYCARDRIQGAVVLPNEQLNWFDPWGQGTLVTVSS	KV3-11*01 F	KJ1*01 F	9	EIVLTPKSVSLSLSPGERATLSCRASHSVSRYLAWYQQKPGQAPRLLIYGASNRATDIPARFRGSGSGTDFTLTISSLEPEDFAVYYCQQHSNWPRTFGQGTKVETK
54.a.09	95.14	HV1-18*01 F	HJ5*02 F	HD3-16*02 F	ARDRIQGAVVLPNKQLNWFDP	21	QVQLVQSGAEVKKPGASVKVSCKASGYTFTSYGISWVRQAPGQGLEWMAWISAYTGDTNYAQKFQGRVTMSTDTSTGTAFMELRSLRSDDTAVYYCARDRIQGAVVLPNKQLNWFDPWGQGTLVTVSS	KV3-11*01 F	KJ1*01 F	9	EIVLTQAPVTLSLSPGERATLSCRASHSVSSYLAWYQQKPGQAPRLLIYGASNRATDIPARFRGSGSGTDFTLTISSLEPEDFAVYYCQQHTNWPRTFGQGTKVETK
54.a.10	95.14	HV1-18*01 F	HJ5*02 F	HD2-2*01 F	ARDRLQGAVALPSQQLNWFDP	21	QVQLVQSGGEVKKPGASVKVSCKASGYTFTSYGISWVRQAPGQGLEWMAWISAYTGDTKHAQKFQGRVTMSTDTSTSTAYMELRSLRSDDTAVYYCARDRLQGAVALPSQQLNWFDPWGQGTLVTVSS	KV3-11*01 F	KJ1*01 F	9	EIVMAPGPVTLSLSPGERATLSCRASQSISSYLAWYQQKPGQAPRLLIYGASNRATDIPARFRGSGSGTDFTLTISSLDPEDFAVYYCQQHSNWPRTFGQGTKVETK
54.a.11	94.79	HV1-18*01 F	HJ5*02 F	HD2-21*02 F	ARDRIQGAVVLPAEQVNWFDP	21	QVHLVQSGAEVKKPGASVKVSCKASGYTFTSYGISWVRQAPGQGLEWMAWISAYTGNTNYAHKFQGRVTLSTDTSTSTAYMELRSLRSDDTAVYYCARDRIQGAVVLPAEQVNWFDPWGQGTRVTVSS	KV3-11*01 F	KJ1*01 F	9	EIVLTQAPVTLSLSPGERATLSCRASQSVSSYLAWYQQKPGQAPRLLIFGASNRATDIPARFRGSGSGTDFTLTISNLEPEDFAVYYCQQHSNWPRTFGQGTKVETK
54.a.12	94.79	HV1-18*01 F	HJ5*02 F	HD6-25*01 F	ARDRLQGAVALPSQQLNWFDP	21	QVQLVQSGAEVRKPGASVKVSCKASGYRFNSYGISWVRQAPGQGLEWMAWISAYTGNTNYAQKFQGRVTMSTDTSTSTAYMELRSLKSDDTAVYYCARDRLQGAVALPSQQLNWFDPWGQGTLVTVSS	KV3-11*01 F	KJ1*01 F	9	EIVLTQGPVSLSLSPGERATLSCRASQSVSSYLAWYQQKPGQAPRLLIYGASNRATDIPARFRGSGSGTDFTLTISSLEPEDFAVYYCQQHSNWPRTFGQGTKVETK
54.a.13	94.79	HV1-18*01 F	HJ5*02 F	HD2-2*01 F	TRDRIQGAVVLPAEQVNWFDP	21	QVQLVQSGAEVKKPGASVKVSCKASGYTFTSYGISWVRQAPGQGLEWMAWISGYTGNTKYAQKFQDRVTMSTDTSTSTAFMELRSLRSDDTAVYYCTRDRIQGAVVLPAEQVNWFDPWGQGTLVTVSS	KV3-11*01 F	KJ1*01 F	9	EIVMTQAPASLSLSPGERATLSCRASQSVSSYLAWYQQKPGQAPRLLIFGASNRATDIPARFRGSGSGTDFTLTISNLEPEDFAVYYCQQHSNWPRTFGQGTKVETK
54.a.14	94.44	HV1-18*01 F	HJ5*02 F	HD6-13*01 F	ARDRIQGAVALPNEQLNWFDP	21	QVQLVQSGPEVKKPGASVKVSCKASGYTFTSYGISWVRQAPGQGPEWMAWISAYTGHTNYAQKFQGRVTVSTETSTGTAYMELRSLRFDDTAVYYCARDRIQGAVALPNEQLNWFDPWGQGTLVTVSS	KV3-11*01 F	KJ1*01 F	9	EIVLTQSPVTLSLSPGERATLSCRASHSVSRYLAWYQQKPGQAPRLLIYGASNRATDIPARFRGSGSGTDFTLTISGLEPEDFAVYYCQQHSNWPRTFGQGTKVETK
54.a.15	94.44	HV1-18*01 F	HJ5*02 F	HD2-8*02 F	ARDRIQGAVALPTEQVNWFDP	21	QVQLVQSGAEVKKPGASVRVSCKVSGYTFTSYGISWVRQAPGQGLEWMAWISGYTGDTNYAQKFQDRVTVSTDTSTSTAYMELRSLKYDDTAVYYCARDRIQGAVALPTEQVNWFDPWGQGTLVTVSS	KV3-11*01 F	KJ1*01 F	9	EIVLTQSPVSLSLSPGERATLSCRASQSVSNFLAWYQQKPGQAPRLLIYATSKRATDIPARFRGSGSGTDFTLTINSLEPEDFAVYYCQQHSNWLRTFGQGTKVETK
54.a.16	94.44	HV1-18*01 F	HJ5*02 F	HD5-24*01 ORF	ARDRIQGAVELPNKQVNWFDP	21	QVQLVQSGAEVKQPGASVKVSCKASGYTFTSYGISWVRQAPGQGLEWMAWISAYTGNTHYAQKFQGRVTMSTDTSTGTAYMELRSLRFDDTAIYYCARDRIQGAVELPNKQVNWFDPWGQGTLVTVSS	KV3-11*01 F	KJ1*01 F	9	EIVLTQSPVSLSLSPGERATLSCRASHSVSSYLNWYQQKPGQAPRLLIYGASNRATDIPARFRGSGSGTDFTLTISSLEPEDFAVYYCQQHNNWPRTFGQGTKVETK
54.a.17	94.44	HV1-18*01 F	HJ5*02 F	HD6-19*01 F	ARDRIQGAVVLPDKQLNWFDP	21	QVQLVQSGAEVKKPGASVKVSCKASGYTFTSYGISWVRQAPGQGLEWMAWISGYTGNTKYAQKFQGRVTMSTDTSTGTAYMELRSLRFDDTAVYYCARDRIQGAVVLPDKQLNWFDPWGQGTLVTVSS	KV3-11*01 F	KJ1*01 F	9	EIVLTQSPVTLSLSPGERATLSCRASHSISSYLAWYQQKPGQAPRLLIYGASNRATDIPARFRGSGSGTDFTLTISSLEPEDFAVYYCQQHSNWPRTFGQGTKVETK
54.a.18	94.44	HV1-18*01 F	HJ5*02 F	HD2-2*02 F	ARDRIQGAVVLPDKQLNWFDP	21	QVQLVQSGAEVKKPGASVKVSCKASGYTFTSYGISWVRQAPGQGLEWMAWISAYTGNTNYAQKFQGRVTMSTDTSTGTAYMELRSLRFDDTAIYYCARDRIQGAVVLPDKQLNWFDPWGQGTLVTVSS	KV3-11*01 F	KJ1*01 F	9	EIVMTQSPVSLSLSPGERATLSCRASHSVSSYLAWYQQKPGQAPRLLIYGASNRATDIPARFRGSGSGTDFTLTISSLEPEDFAVYYCQQHSNWPRTFGQGTKVETK
54.a.19	94.44	HV1-18*01 F	HJ5*02 F	HD2-2*01 F	ARDRIQGAVVLPNEQLNWFDP	21	QVQLVQSGAEVKKPGASVKVSCKASGYTFTSYGISWVRQAPGQGPEWMAWISAYTGDTNYAQKFQGRVTVSTETSTGTAYMELRSLRSDDTAVYYCARDRIQGAVVLPNEQLNWFDPWGQGTLVTVSS	KV3-11*01 F	KJ1*01 F	9	EIVLTQSPVSLSLSPGERATLSCRASHSVSRYLAWYQQKPGQAPRLLIYGASNRAADIPARFRGSGSGTDFTLTISGLEPEDFAIYYCQQHSNWPRTFGQGTKVETK
54.a.20	94.44	HV1-18*01 F	HJ5*02 F	HD6-13*01 F	ARDRIQGVVALPNEQLNWFDP	21	QVQLVQSGAEVKKPGASVKVSCKASGYTFTRYGISWVRQAPGQGPEWMAWISAYTGNTNYAQKFQGRVTVSTETSTGTAYMELRSLRSDDTAVYYCARDRIQGVVALPNEQLNWFDPWGQGTLVTVSS	KV3-11*01 F	KJ1*01 F	9	EIVLTQSPVTLSLSPGERATLSCRASHSVSHYLAWYQQKPGQAPRLLIYGASNRATDIPARFRGSGSGTDFTLTISGLEPEDFAVYYCQQHSNWPRTFGQGTKVEAK
54.a.21	94.44	HV1-18*01 F	HJ5*02 F	HD2-2*01 F	ARDRIQGVVVLPNEQLNWFDP	21	QVQLVQSGAEVKKPGASVKVSCKASGYTFTSYGISWVRQAPGQGLEWMAWISAYTGDTKYAQKFQGRVTMSTDTSTGTAYMELRSLRSDDTAVYFCARDRIQGVVVLPNEQLNWFDPWGQGTLVTVSS	KV3-11*01 F	KJ1*01 F	9	EIVLTQSPASLSLSPGESATLSCRASHSVSRYLAWYQQKPGQAPRLLIYGASNRATDIPARFRGSGSGTDFTLTISGLEPEDFAVYYCQQHSNWPRTFGQGTKVETK
54.a.22	94.1	HV1-18*01 F	HJ5*02 F	HD6-19*01 F	ARDRIQGAVVLPDKQLNWFDP	21	QVQLVQSGAEVKKPGASVKVSCKASGYTFTSYGISWVRQAPGQGLEWMAWISGYTGNTKYAQKFQGRVTMSTDTSTGTAYMELRSLRFDDTAVYYCARDRIQGAVVLPDKQLNWFDPWGQGTLVTVSS	KV3-11*01 F	KJ1*01 F	9	EIVLTQAPVSLSLSPGERATLSCRASHSISSYLAWYQQKPGQAPRLLIYGASNRATDIPARFRGSGSGTDFTLTISSLEPEDFAVYYCQQHSNWPRTFGQGTKVETK
54.a.23	94.1	HV1-18*01 F	HJ5*02 F	HD2-2*01 F	ARDRIQGAVVLPDKQVNWFDP	21	QVQLVQSGAEVKKPGASVKVSCKVSGYAFTSYGISWVRQAPGQGLEWMAWISGYTGNTNYAQKFQDRVTVSADTSTSTAYMELRSLRNDDTAVYYCARDRIQGAVVLPDKQVNWFDPWGQGTLVTVSS	KV3-11*01 F	KJ1*01 F	9	eivMTQSPVSLSLSPGERATLSCRASQSVSTYLAWYQQKPGQAPRLLIYGASNRATDIPARFRGSGSGTDFTLTINSLEPEDFAVYYCQQHSNWPRTFGQGTKVETK
54.a.24	94.1	HV1-18*01 F	HJ5*02 F	HD3-22*01 F	ARDRIQGAVVLPHEQLNWFDP	21	QVQLVQSGAEVKKPGASVKVSCKASGYTFTSYGISWVRQAPGQGLEWMAWISAYTGNTKYAQKFQGRVTMSTDTSTGTAYMELRSLSSDDTAIYYCARDRIQGAVVLPHEQLNWFDPWGQGTLVTVSS	KV3-11*01 F	KJ1*01 F	9	EIVLTQAPVSLSLSPGERATLSCRASHSVSSYLAWYQQKPGQAPRLLIYGASNRATDIPARFRGSGSGTDFTLTISSLEPEDFAVYYCQQHSNWPRTFGQGTKVETK
54.a.25	94.1	HV1-18*01 F	HJ5*02 F	HD2-2*01 F	ARDRIQGAVVLPNEQLNWFDP	21	QVQLVQSGAEVKRPGASVKVSCKASGYTFTSYGISWVRQAPGQGPEWMAWISAYTGNTNYAQKFQGRVTVSTETSTGTAYMELRSLRSDDTAVYYCARDRIQGAVVLPNEQLNWFDPWGQGTLVTVSS	KV3-11*01 F	KJ1*01 F	9	EIVLTQSPVSLSLSPGERATLSCRASHSVSRYLAWYQQKPGQAPRLLIYGASNRATDIPARFRGSGSGTDFTLTINGLEPEDFAVYYCQQHSNWPRTFGQGTKVETK
54.a.26	94.1	HV1-18*01 F	HJ5*02 F	HD2-2*01 F	ARDRIQGAVVLPSQQLNWFDP	21	QVQLVQSGGEVKKPGASVKVSCKASGYTFTSYGVSWVRQAPGQGLEWMAWISAYTGITNYAQRFQGRVTLSTDTSTSTAFMELRSLRSDDTAVYYCARDRIQGAVVLPSQQLNWFDPWGQGTLVTVSS	KV3-11*01 F	KJ1*01 F	9	EIVLTQAPVSLSLSPGERATLSCRASQSVSTYLAWYQQKPGQAPRLLIFGASNRATDIPARFRGSGSGTDFTLTISSLEPEDFAVYYCQQHSNWPRTFGQGTKVETK
54.a.27	94.1	HV1-18*01 F	HJ5*02 F	HD2-2*01 F	ARDRIQGVVALPNEQLNWFDP	21	QVQLVQSGAEVKKPGASVKVSCKASGYTFTRYGISWVRQAPGQGPEWMAWISAYTGHTNYAQKFQGRVTVSTETSTGTAYMELRSLRSEDTAVYYCARDRIQGVVALPNEQLNWFDPWGQGTLVTVSS	KV3-11*01 F	KJ1*01 F	9	EIVLTQAPVTLSLSPGERATLSCRASHSVSHYLAWYQHKPGQAPRLLIYGASNRATDIPARFRGSGSGTDFTLTISGLEPEDFAVYYCQQHSNWPRTFGQGTKVEAK
54.a.28	94.1	HV1-18*04 F	HJ5*02 F	HD6-13*01 F	ARDRLQGAVALPSQQLNWFDP	21	QVQLVQSGAEVKKPGASVKVSCKASGYSFTSYGISWVRQAPGQGLEWMAWISAYTGNTHYAQKFRGRVTMSTDTSTSTAYMEVRSLTPDDTAVYFCARDRLQGAVALPSQQLNWFDPWGQGTLVTVSS	KV3-11*01 F	KJ1*01 F	9	EIVMTQSPVSLSLSPGERATLSCRASQSVSSYLAWYQQKPGQAPRLLIYGASNRATDIPARFRGSGSGTDFTLTISSLDPDDFAVYYCQQHSNWPRTFGQGTKVETK
54.a.29	93.75	HV1-18*01 F	HJ5*02 F	HD5-12*01 F	ARDRIQAVVALPDKQVNWFDP	21	QVQLVQSGAEVKKPGASVKVSCKVSGYTFTSFGLSWVRQAPGQGLEWMAWISGYTGITHYAQKFQDRVTVSTDTSTSTAYMELRSLRYDDTAVYYCARDRIQAVVALPDKQVNWFDPWGQGTLVTVSS	KV3-11*01 F	KJ1*01 F	9	EIVLTQAPVTLSLSPGERATLSCRASQSVSRYLAWYQQKPGQAPRLLIYGASNRATDIPARFRGSGSGTDFTLTINSLEPEDFAVYYCQQHSNWPRTFGQGTKVETK
54.a.30	93.75	HV1-18*01 F	HJ5*02 F	HD2-2*01 F	ARDRIQGAVALPSQQLNWFDP	21	QVQLVQSGGEVKKPGASVKVSCKASGYTFTSYGISWVRQAPGQGLEWMAWISAYTGITNYAQRFQGRVTLSTDTSTRTAFMELRGLRSDDTAVYYCARDRIQGAVALPSQQLNWFDPWGQGTLVTVSS	KV3-11*01 F	KJ1*01 F	9	EIVMTQSPATLSLSPGERATLSCRASQSVSTYLAWYQQKPGQAPRLLIFGASNRATDIPARFRGSGSGTDFTLTISSLEPEDFAVYYCQQHSNWPRTFGQGTKVEAK
54.a.31	93.75	HV1-18*01 F	HJ5*02 F	HD2-2*01 F	ARDRIQGAVVLPAEQVNWFDP	21	QVQLVQSGAEVKKPGASVKVSCKASGYTFSSYGISWVRQAPGQGLEWMAWISAYTGNTYYEQKFQGRVTVSTDTSTSTAYMDLRSLRYDDTAVYYCARDRIQGAVVLPAEQVNWFDPWGQGTLVTVSS	KV3-11*01 F	KJ1*01 F	9	EIVLTQSPVTLSVSPGERATLSCRASQSVSTYLAWYQQKPGQAPRLLIYGASNRATGIPARFRGSGSGTDFTLTISSLEPEDFAVYYCQQHTNWPRTFGQGTKVETK
54.a.32	93.75	HV1-18*01 F	HJ5*02 F	HD2-2*01 F	ARDRIQGAVVLPAQQVNWFDP	21	QVQLVQSGDEVKKPGASVKVSCKVSGYTFTSYGISWVRQAPGQGLEWMAWISGYTGNTHYAQKFQGRVTVSTDTSTSTAYMELRSLRHDDTAVYYCARDRIQGAVVLPAQQVNWFDPWGQGTLVTVSS	KV3-11*01 F	KJ1*01 F	9	EIVLTQSPVSLSLSPGERATLSCRASQSVSSYLAWYQQKPGQAPRLLIYGASNRATGIPARFRGSGSGTDFTLTISSLEPEDFAVYYCQQHSNWPRTFGQGTKVETK
54.a.33	93.75	HV1-18*01 F	HJ5*02 F	HD2-2*01 F	ARDRIQGAVVLPDKQLNWFDP	21	QVQLVQSGAEVKKPGASVKVSCKASGYIFTSYGISWVRQAPGQGLEWMAWISAYTGNTNYAQKFQGRVTLSTDTSTGTAYMELRSLRFDDTAIYYCARDRIQGAVVLPDKQLNWFDPWGQGTLVTVSS	KV3-11*01 F	KJ1*01 F	9	EIVLTQSPATLSLSPGERATLSCRASHSVSNYLAWYQQKPGQAPRLLIYGASNRATDIPARFRGSGSGTDFTLTISSLEPEDFAVYYCQQHSNWPRTFGQGTKVETK
54.a.34	93.75	HV1-18*01 F	HJ5*02 F	HD2-15*01 F	ARDRIQGAVVLPDKQLNWFDP	21	QVQLVQSGAEVKKPGASVKVSCKASGYSFTSYGISWVRQAPGQGLEWMAWISGYTGNTNYAQKFQGRVTLSTDTSTGTAYMELRSLRFDDTAVYYCARDRIQGAVVLPDKQLNWFDPWGQGTLVTVSS	KV3-11*01 F	KJ1*01 F	9	EIVLTQSPVSLSLSAGERATLSCRASHSVSSYLAWYQQKPGQAPRLLIYGASNRATDIPARFRGSGSGTDFTLTISSLEPEDFAVYYCQQHSNWPRTFGQGTKVETK
54.a.35	93.75	HV1-18*01 F	HJ5*02 F	HD2-2*01 F	ARDRIQGAVVLPNEQLNWFDP	21	QVQLVQSGAEVRKPGASVKVSCKASGYTFTSYGISWVRQAPGQGLEWMAWISGYTGDTNYAQKFQGRVTVSTDTSTGTAYMELRSLRSDDTAVYYCARDRIQGAVVLPNEQLNWFDPWGQGTLVTVSS	KV3-11*01 F	KJ1*01 F	9	EIVLTPVPATLSLSPGERATLSCRASHSVSRFLAWYQQKPGQAPRLLIYGASNRATDIPARFRGSGSGTDFTLTISGLEPEDFAVYYCQQHSNWPRTFGQGTKVETK
54.a.36	93.75	HV1-18*01 F	HJ5*02 F	HD2-2*01 F	ARDRIQGEVALPNEQLNWFDP	21	QVQLVQSGAEVKKPGASVKVSCKASGYTFTRYGVSWLRQAPGQGPEWMAWISAYTGNTNYAQKFQGRVTVSTETSTGTAYMELRSLRSDDTAVYYCARDRIQGEVALPNEQLNWFDPWGQGTLVTVSS	KV3-11*01 F	KJ1*01 F	9	EIVLTQAPVSLSLSPGERATLSCRASHSVSRYLAWYQQKPGQAPRLLIYGASNRATDIPARFRGSGSGTDFTLTISGLEPEDFAVYYCQQHSNWPRTFGQGTKVETK
54.a.37	93.75	HV1-18*01 F	HJ5*02 F	HD5-12*01 F	ARDRIQGTVALPNEQLNWFDP	21	QVQLVQSGPEVKKPGASVKVSCKASGYTFTRYGISWVRQAPGQGPEWMAWISAYTGDTNYAQKFQGRVTVSTETSTGTAYMELRSLRSDDTALYFCARDRIQGTVALPNEQLNWFDPWGQGTLVTVSS	KV3-11*01 F	KJ1*01 F	9	EIVLTQLPVSLSLSPGERATLSCRASHSVSRYLAWYQQKPGQAPRLLIYGASNRATDIPARFRGSGSGTDFTLTISGLEPEDFAVYYCQQHSNWPRTFGQGTKVETK
54.a.38	93.75	HV1-18*01 F	HJ5*02 F	HD6-13*01 F	ARDRIQGVVALPDKQVNWFDP	21	QVQLVQSGAEVKKPGASVKVSCKVSGYTFTSFGLSWVRQAPGQGLEWMAWISGYTGITHYAQKFQDRVTVSTDTSTSTAYMELRSLRYDDTAVYYCARDRIQGVVALPDKQVNWFDPWGQGTLVTVSS	KV3-11*01 F	KJ1*01 F	9	EIVLTQVPVSLSLSPGERATLACRASQSVSSYLAWYQQKPGQAPRLLIYGASNRATDIPARFRGSGSGTDFTLTINSLEPEDFAVYYCQQHSNWPRTFGQGTKVETK
54.a.39	93.4	HV1-18*01 F	HJ5*02 F	HD2-2*02 F	ARDRIQGAVALPDKQVNWFDP	21	QVHLVQSGAEVKKPGASVKVSCKVSGYTFTSYGISWVRQAPGQGLEWMAWISAYTGNTNFAQKFKDRVTVSTDTSTTTAYMELRGLRYDDTAVYYCARDRIQGAVALPDKQVNWFDPWGQGTLVTVSS	KV3-11*01 F	KJ1*01 F	9	EIVLTQSPVSLSLSPGERATLSCRASQSVSSYLAWYQQKPGQAPRLLIYGASNRATGIPARFRGSGSGTDFTLTINSLEPEDFAVYYCQQHSNWPRTFGQGTKVETK
54.a.40	93.4	HV1-18*01 F	HJ5*02 F	HD2-2*01 F	ARDRIQGAVALPDKQVNWFDP	21	QVHLVQSGAEVKKPGASVKVSCKVSGYTFTSYGISWVRQAPGQGLEWMAWISAYTGNTNFAQKFKDRVTVSTDTSTTTAYMELRGLRYDDTAVYYCARDRIQGAVALPDKQVNWFDPWGQGTLVTVSS	KV3-11*01 F	KJ1*01 F	9	EIVMTQAPVSLSLSPGERATLSCRASQCVSSFLAWYQQKPGQAPRLLIYGASNRATGIPARFRGSGSGTDFTLTINSLEPEDFAVYYCQQHSNWPRTFGQGTKVETK
54.a.41	93.4	HV1-18*01 F	HJ5*02 F	HD3-16*01 F	ARDRIQGAVVLPNEQLNWFDP	21	QVQLVQSGAEVKKPGASVKVSCKASGYTFTRYGISWVRQAPGQGPEWMAWISAYTGDTKYAQKFQGRLTVSTETSTDTAYMEMRSLRSDDTAVYYCARDRIQGAVVLPNEQLNWFDPWGQGTLVTVSS	KV3-11*01 F	KJ1*01 F	9	EIVLTQSPVSLSLSPGERATLSCRASHSVSHYLAWYQQKPGQAPRLLIYGASNRATDIPARFRGSGSGTDFTLTISGLEPEDFAVYYCQQHSNWPRTFGQGTKVEAK
54.a.42	93.4	HV1-18*01 F	HJ5*02 F	HD2-2*01 F	ARDRIQGAVVLPNEQLNWFDP	21	QVQLVQSGAEVKKPGASVKVSCKASGYTFTRYGISWVRQAPGQGPEWMAWISAYTGDTKYAQKFQGRVTVSTETSTDTAYMEMRSLRSDDTAVYYCARDRIQGAVVLPNEQLNWFDPWGQGTLVTVSS	KV3-11*01 F	KJ1*01 F	9	EIVLTQSPVTLSLSPGERATLSCRASHSVSHYLAWYQQKPGQAPRLLIYGASNRATDIPARFRGSGSGTDFTLTISGLEPEDFAVYYCQQHSNWPRTFGQGTKVEAK
54.a.43	93.4	HV1-18*01 F	HJ5*02 F	HD2-2*02 F	ARDRIQGAVVLPNEQLNWFDP	21	QVQLVQSGAEVKKPGASVKVSCKASGYTFTRYGISWVRQAPGQGPEWMAWISAYTGDTKYAQKFQGRVTVSTETSTDTAYMEMRSLRSDDTAVYYCARDRIQGAVVLPNEQLNWFDPWGQGTLVTVSS	KV3-11*01 F	KJ1*01 F	9	EIVLTQSPASLSLSPGERATLSCRASHSVSHYLAWYQQKPGQAPRLLIYGASNRATDIPARFRGSGSGTDFTLTISGLEPEDFAVYYCQQHSNWPRTFGQGTKVEAK
54.a.44	93.4	HV1-18*01 F	HJ5*02 F	HD2-15*01 F	ARDRIQGAVVLPNEQVNWFDP	21	QVQLVQSGAEVKKPGASVKVSCKASGYTFTSYGISWLRQAPGQGPEWMAWISAYTGNTNYAQKFQGRVTVSTETSTGTAYMELRSLTSDDTAVYYCARDRIQGAVVLPNEQVNWFDPWGQGTLVTVSS	KV3-11*01 F	KJ1*01 F	9	EIVLTQSPVSLSLSPGERATLSCRASHSVSRYLAWYQQKPGQAPRLLIYGASNRATDIPARFRGSGSGTDFTLTISGLEPEDFAVYYCQQHSNWPRTFGQGTKVESK
54.a.45	93.4	HV1-18*01 F	HJ5*02 F	HD2-2*01 F	ARDRIQSVVALPAQQVNWFDP	21	QVQLVQSGTEVKKPGASVKVSCKASGYTFTSYGISWLRQAPGQGLEWMAWISAYTGNTNYAQKFQGRVTVSTDTSTTTAYMELRSLRFDDTAVYYCARDRIQSVVALPAQQVNWFDPWGQGTLVAVSS	KV3-11*01 F	KJ1*01 F	9	EIVLTQSPATLSLSPGERATLSCRASQSVSNYLAWYQQKPGQAPRLLIYGASNRATGIPARFRGSGSGADFTLTISSLEPEDFAVYYCQQHSNWPRTFGQGTKVETK
54.a.46	93.06	HV1-18*01 F	HJ5*02 F	HD6-13*01 F	ARDQIQGVVALPDRQVNWFDP	21	QVQLVQSGAEVKKPGASVKVSCKVSGYTFTSFGLSWVRQAPGQGLEWMAWISGYTGITHYAQKFQDRVSVSTDTSTSTAYMELRSLRYDDTAVYYCARDQIQGVVALPDRQVNWFDPWGQGTLVTVSS	KV3-11*01 F	KJ1*01 F	9	EIVLTQSPVTLSLSPGERATLACRASQSISRYLAWYQQKPGQAPRLLIYGASNRATDIPARFRGSGSETDFTLTINSLEPEDFAVYYCQQHSNWPRTFGQGTKVETK
54.a.47	93.06	HV1-18*01 F	HJ5*02 F	HD2-2*01 F	ARDRIQGAVALPNEQLNWFDP	21	QVQLVQSGAEVKKPGASVKVSCKASGYTFTRYGISWMRQAPGQGPEWMAWISAYTGDTHYAQKFQGRVTVSTETSTGTAYMEVRSLRSDDTAVYYCARDRIQGAVALPNEQLNWFDPWGQGTLVTVSS	KV3-11*01 F	KJ1*01 F	9	EIVMTQDPVTLSLSPGERATLSCRASHSVSHYLAWYQQKPGQAPRLLIYGASNRATDIPARFRGSGSGTDFTLTISGLEPEDFAVYYCQQHSNWPRTFGQGTKVEAK
54.a.48	93.06	HV1-18*01 F	HJ5*02 F	HD2-2*01 F	ARDRIQGAVVLPNEQLNWFDP	21	QVQLVQSGAEVKKPGASVKVSCKVSGYTFTSYGISWVRQAPGQGLEWMAWISAYIGDTNYAQKFQGRVTVSTETSTGTAYMELRSLRSDDTAVYYCARDRIQGAVVLPNEQLNWFDPWGQGTLVTVSS	KV3-11*01 F	KJ1*01 F	9	EIVLTQSPASLSLSPGEGATLSCRASHSVSRYLAWYQQKPGQAPRLLIYGASNRATDIPARFRGSGSGTDFTLTISGLEPEDFAVYYCQQHSNWPRTFGQGTKVETK
54.a.49	93.06	HV1-18*01 F	HJ5*02 F	HD3-16*01 F	ARDRIQGAVVLPNEQLNWFDP	21	QVQLVQSGAEVKKPGASVKVSCKASGYTFTRYGISWVRQAPGQGPEWMAWISAYTGDTKYAQKFQGRLTVSTETSTDTAYMEMRSLRSDDTAVYYCARDRIQGAVVLPNEQLNWFDPWGQGTLVTVSS	KV3-11*01 F	KJ1*01 F	9	EIVLTQAPVSLSLSPGERATLSCRASHSVSHYLAWYQQKPGQAPRLLIYGASNRATDIPARFRGSGSGTDFTLTISGLEPEDFAVYYCQQHSNWPRTFGQGTKVEAK
54.a.50	93.06	HV1-18*01 F	HJ5*02 F	HD6-13*01 F	ARDRIQGVVALPDKQVNWFDP	21	QVQLVQSGAEVKKPGASVKVSCKVSGYTFTSFGLSWVRQAPGQGLEWMAWISGYTGITHYAQKFQDRVTVSTDTSTSTAYMELRSLRYDDTAVYYCARDRIQGVVALPDKQVNWFDPWGQGTLVTVSS	KV3-11*01 F	KJ1*01 F	9	EIVLTQSPASLSLSPGERATLACRASQSVSRYLAWYQQKPGQAPRLLIYGASNRATDIPARFRGSGSETDFTLTINSLEPEDFAVYYCQQHSNWPRTFGQGTKVETK
54.a.51	93.06	HV1-18*01 F	HJ5*01 F, or HJ5*02 F	HD2-15*01 F	ARDRIQGVVVLPNEQLNWFDP	21	QVQLVQSGAEVKKPGASVKVSCKASGYTFSRYGISWVRQAPGQGPEWMAWISGYTGDTHYARKFQGRVTVSTETSTGTAYMELRSLRSDDTAVYYCARDRIQGVVVLPNEQLNWFDPWGQGTLVTVTS	KV3-11*01 F	KJ1*01 F	9	EIGMTQVPVSLSLSPGERATLSCRASHSVSQFLAWYQQKPGQAPRLLIYGASNRATDVPARFRGSGSGTDFTLTISDLEPEDFAVYYCQQGSNWPRTFGQGTKVEAK
54.a.52	93.06	HV1-18*01 F	HJ5*02 F	HD3-16*01 F	ARHRIQGAVGLPYQQLNWFDP	21	LDQVVQSGAEVKKPGASVKVSCKASGYTFTRYGISWVRQAPGQGREWMAWISAYTGNTNYAQKFQGRVTMSTDTSTSTAYMELRSVTSDDTAIYYCARHRIQGAVGLPYQQLNWFDPGGQGTLVTVSS				
54.a.53	92.71	HV1-18*01 F	HJ5*02 F	HD3-22*01 F	ARDRIQGAVVLPNEQLNWFDP	21	QVQLVQSGAEVKKPGASVKVSCRASGYTFTRYGISWVRQAPGQGLEWMAWISGYTGNTNYAQKFQGRVTVSTDTSTGTAYMELRSLRLDDTAVYYCARDRIQGAVVLPNEQLNWFDPWGQGTLVTVSS	KV3-11*01 F	KJ1*01 F	9	EIVLTQSPVSLSLSPGERATLSCRASHSVSSYLAWYQQKPGQAPRLLIYGASNRATDIPARFRGSGSGTDFTLTISSLEPEDFAVYYCQQHSNWPRTFGQGTKVETK
54.a.54	92.71	HV1-18*01 F	HJ5*02 F	HD2-2*01 F	ARHRLQGAVGLPSQQLNWFDP	21	QVQLVQSGAEVKKPGASVNVSCKASGYTFTSYGISWVRQAPGQGLEWMAWISAYTGNTNYAQKFQGRVTMSTDTSTSTAYMELRSLTSDDTAIYYCARHRLQGAVGLPSQQLNWFDPWGQGTLVTVSS	KV3-11*01 F	KJ1*01 F	9	EIVLTQSPVSLSLSPGERATLSCRASQSVNSYLAWYQQKPGQAPRLLIYGASNRATDIPARFRGSGSGTDFTLTISSLDPEDFAVYYCQQYSNWPRTFGQGTKVETK
54.a.55	92.71	HV1-18*04 F	HJ5*02 F	HD2-2*01 F	ARDRIQGAVVLHVEQVKRFDP	21	QVQLVQSGGEVKEPGASVKVSCKASGYTFTSYGISWVRQAPGQGLEWMAWISGYTGNTNYAQKFQGRVSVSTDTSTSTAYMEMRSVRSEDTAVYYCARDRIQGAVVLHVEQVKRFDPRGQGTLVTVSS	KV3-11*01 F	KJ1*01 F	9	EIVLTQSPVSLSLSPGERATLSCRASQSVSSYLAWYQQKPGQAPRLLIYGASNRATDIPARFRGSGSGTDFTLTISSLEPEDFAVYYCQQHSNWPRTFGQGTKVETK
54.a.56	92.71	HV1-18*04 F	HJ5*02 F	HD2-2*01 F	ARDRLQGAVGLPSQQVNWFDP	21	QVQLVQSGAEVKKPGASVKVSCKASGYSFTSYGISWVRQAPGQGLEWMAWISGYTGITQYAQKFRGRVTVSTDTSTSTAYMELRSLRPDDTAFYFCARDRLQGAVGLPSQQVNWFDPWGQGTLVTVSS	KV3-11*01 F	KJ1*01 F	9	EIVLTQSPATLSLSPGETATLSCRASQSVSSYLAWYQQKPGQAPRLLIYGASNRPTDIPARFRGSGSGTDFTLTISSLDPDDFAVYYCQQHTNWPRTFGQGTKVETK
54.a.57	92.36	HV1-18*01 F	HJ5*02 F	HD5-12*01 F	ARDQIQGAVALPAQQVNWFDP	21	QVQLVQSGDEVKKPGASVKVSCKVSGYTFTSYGVSWVRQAPGQGLEWMAWISGYTGDTHYAQKFQGRLTVSTDTSTSTAYMELRSLRHDDTAVYYCARDQIQGAVALPAQQVNWFDPWGQGTLVTVSS	KV3-11*01 F	KJ1*01 F	9	EIVLTQAPVTLSLSPGERATLSCRASQSVSTFLAWYQQKPGQAPRLLVHGASNTATDIPARFRGRGSGTDFTLTISSLEPEDFAVYYCQQHSNWPRTFGQGTKVETK
54.a.58	92.36	HV1-18*01 F	HJ5*02 F	HD2-8*02 F	ARDRIQGAVALPLEQVNWFDP	21	QVHLVQYGGEVKKPGASVRVSCKVSGYTFTSYGISWVRQAPGQGLEWMAWISGYTGDTNYAQKFKDRVTVSTDTSTTTAYMELRSLRFDDTAVYYCARDRIQGAVALPLEQVNWFDPWGQGTLVTVSS	KV3-11*01 F	KJ1*01 F	9	EIVLTQSPVSLSLSPGERATLSCRASQSISYYLAWYQQKPGQAPRLLIYGASNRATDIPARFRGSGSGTDFTLTINSLEPEDFAVYYCQQHSNWPRTFGQGTKVETK
54.a.59	92.36	HV1-18*01 F	HJ5*02 F	HD2-2*02 F	ARDRIQGAVALPSQQLNCFDP	21	QVQLVQSGGEVKKPGASVKVSCKASGYSFTSYGISWVRQAPGQGLEWMAWISAYTGITDYAQTFQGRVTLSTDTSTNTAFMELRSLRSDDTAVYYCARDRIQGAVALPSQQLNCFDPWGQGTLVAVSS	KV3-11*01 F	KJ1*01 F	9	EIVLTQSPATLSLSPGERATLSCRASQSVRTYLAWYQQKPGQAPRLLIHGASNRATDIPDRFRGSGSGTDFTLTISSLEPEDFAVYYCQHHSIWPRTFGPGTKVETK
54.a.60	92.36	HV1-18*01 F	HJ5*02 F	HD2-2*02 F	ARDRIQGAVALPSQQLNCFDP	21	QVQLVQSGGEVKKPGASVKVSCKASGYTFRSYGISWVRQAPGQGLEWMAWISAYTGITNYAQRFQGRVTLSTDTSTSTAFMELRSLTSDDTAVYYCARDRIQGAVALPSQQLNCFDPWGQGTLVTVSS	KV3-11*01 F	KJ1*01 F	9	EIVLTQAPVSLSLSPGDRATLSCRASQSVTNYLAWYQQKPGQAPRLLIYGTSNRATDIPARFRGSGSGTDFTLTISSLEPEDFAVYYCQQHSMWPRTFGQGTKVETK
54.a.61	92.01	HV1-18*01 F	HJ5*02 F	HD2-2*01 F	ARDRIQGAVVLPNEQLNWFDP	21	QIQLVQSGAEVKTPGASVKVSCKASGYSFTSYGISWVRQAPGQGPEWMAWISGYTGNTNYAQKFLGRVTVSTETSTGTAYMELRSLRPDDTAVYYCARDRIQGAVVLPNEQLNWFDPWGQGTLVTVSS	KV3-11*01 F	KJ1*01 F	9	EIVLTQSPASLSLSPGESATLSCRASHSVSRYLAWYQQKPGQAPRLLIFGASNRATDIPARFRGSGSGTDFTLTISGLEPEDFAVYYCQQHSNWPRTFGQGTKVESK
54.a.62	92.01	HV1-18*01 F	HJ5*02 F	HD2-2*01 F	ARDYIQGAVALPSQQVNWFDP	21	QAQLVQSGGEVKKPGASVKVSCKASGYTFRSYGVSWVRQAPGQGLEWMAWISPYTGITNYAPKFQGRVTLSSDTSTSTAFMELRSLRPGDTAVYYCARDYIQGAVALPSQQVNWFDPWGQGTLVTVSS	KV3-11*01 F	KJ1*01 F	9	EIVMTQVPVTLSLSPGERATLSCRASQSVSTYLAWYQQKPGQAPRLVIFGASNRATDIPARFRGSGSGTDFTLTISSLEPEDFAVYYCQQHSNWPRTFGQGTKVETK
54.a.63	92.01	HV1-18*01 F	HJ5*02 F	HD5-12*01 F	TRDRLQGAVALPDKQLNWFDP	21	QVQLVQSGAEVKKPGASVKVSCKASGYTFTSYGLSWVRQAPGRGLEWMAWISTYTGNTKYAQKFQDRVTMSTDTSTGTAYMELRSLRFDDTAIYYCTRDRLQGAVALPDKQLNWFDPWGQGTLVTVSS	KV3-11*01 F	KJ1*01 F	9	EIVMTQYPASLSLSPGERATLSCRASHFVSTFLAWYQQKPGQAPRLLIYGASNRATDIPARFRGSGSGTDFTLTISSLEPEDFAVYYCQQHSNWPRTFGQGTKVETK
54.a.64	91.67	HV1-18*01 F	HJ5*01 F, or HJ5*02 F	HD3-16*01 F	ARDRIQGVVVLPNEQLNWFDP	21	QVQLVQSGAEVKKPGASVKVSCKTSGYTFSRYGISWVRQAPGQGPEWMAWISGYTGDTHYARNFQGRVTVSTETSTGTAYMELRGLRSDDTAVYYCARDRIQGVVVLPNEQLNWFDPWGQGTLVTVSS	KV3-11*01 F	KJ1*01 F	9	EIVLTQSPVSLSLSPGERATLSCRASHSVSQFLAWYQQKPGQAPRLLIYGASNRATDVPARFRGSGSGTDFTLTISDLEPEDFAVYYCQQGSNWPRTFGQGTKVEAK
54.a.65	91.32	HV1-18*01 F	HJ5*01 F, or HJ5*02 F	HD2-15*01 F	ARDRIQGVVALPKEQLNWFDP	21	QVQLVQSGGEVKKPGASVKVSCKASGYTFSRYGISWVRQAPGQGPEWMAWISGYTGDTHYARKFQGRVTVSTETSTDTAYMELRSLRSDDTAVYYCARDRIQGVVALPKEQLNWFDPWGQGTLVTVTS	KV3-11*01 F	KJ1*01 F	9	EIVMTQAPASLSLSPGERATLSCRASQSVRTYLAWYQQKPGQAPRLLIYGASNRATDIPARFRGSGSGTDFTLTISSLEPEDFAVYYCQQHSMWPRTFGQGTKVEIK
54.a.66	91.32	HV1-18*01 F	HJ5*02 F	HD2-2*01 F	ARDRLQGAVALPAEQVNWFDP	21	QVQLLQSGDEVKKPGASVKVSCKVSGYTFTSYGISWVRQAHGQGPEWMAWISGYTGNTHYAQKFKDRVTVSTDTSTATAYMELRSLRYDDTAVYYCARDRLQGAVALPAEQVNWFDPWGQGTLVTVSS	KV3-11*01 F	KJ1*01 F	9	EIVLTQSPVSLSLSPGERATLSCRASQSVSSYLAWYQQKPGQAPRLLIYGASNRATGIPARFRGSGSGTDFTLTIDSLEPEDFVVYYCGQHSNWPRTFGQGTKVETK
54.a.67	90.62	HV1-18*01 F	HJ5*02 F	HD2-8*02 F	ARDRIQGAVALPLEQVNWFDP	21	QVHLVQSGAEVKKPGASVRVSCKVSGYTFTSYGMSWVRQAPGQGLEWMAWISGYTGDTVYAQKFKDRLTVSTDTSTTTAYMELRSLRLDDTAVYYCARDRIQGAVALPLEQVNWFDPWGQGTLVTVSS	KV3-11*01 F	KJ1*01 F	9	EIVLTQSPASLSLSPGERATLSCRASQSISYYLAWYQQKPGQAPRLLIYGASTRATDIPARFRGSGSGTDFTLTINSLEPEDFAVYYCQQHSNWPRTFGQGTKVETK
54.a.68	90.62	HV1-18*01 F	HJ5*02 F	HD2-2*01 F	ARDRIQGAVALPSQQLNYFDP	21	QVQLVQSGGEVKKPGASVKVSCKASGYTFSSYGISWVRQAPGQGLEWMAWISPYTGITKYAQRFQGRVTLSTDTSTNTAFLELRSLTSDDTAVYYCARDRIQGAVALPSQQLNYFDPWGHGTLVTVSS	KV3-11*01 F	KJ1*01 F	9	EIVMTQVPVSLSVSPGERATLSCKASQSITNYLAWYQQKPGQAPRLLIYGASNRATDIPARFRGSGSGTDFTLTISSLEPEDSAVYYCQQHSIWPRTFGQGTKVETK
54.a.69	90.62	HV1-18*01 F	HJ5*02 F	HD2-2*01 F	ARDRIQGAVALPSQQLNYFDP	21	QVQLVQSGGEVKKPGASVKVSCKASGYTFSSYGISWVRQAPGQGLEWMAWISPYTGITKYAQRFQGRVTLSTDTSTNTAFLELRSLTSDDTAVYYCARDRIQGAVALPSQQLNYFDPWGHGTLVTVSS	KV3-11*01 F	KJ1*01 F	9	EIVLTQSPVTLSVSPGERATLSCKASQSITNYLAWYQQKPGQAPRLLIYGASNRATDIPARFRGSGSGTDFTLTISSLEPEDSAVYYCQQHSIWPRTFGQGTKVETK
54.a.70	90.62	HV1-18*01 F	HJ5*01 F, or HJ5*02 F	HD2-15*01 F	ARDRIQGVVALPKEQLNWFDP	21	QVQLVQSGPEVKKPGASVRVSCKTSGYTFSRYGISWVRQAPGQGPEWMAWISAYTGDTHYARKFQGRVTVSTEASTGTVYMELRSLRYDDTAVYYCARDRIQGVVALPKEQLNWFDPWGQGTLVTVTS	KV3-11*01 F	KJ1*01 F	9	EIVLTQVPVTLSLSPGERATLSCRASHSISQFLAWYQQKPGQAPRLLIYGISNRATDVPARFRGSGSGTDFTLTISDLEPEDFAVYYCQQGSNWPRTFGQGTKVEAK
54.a.71	90.62	HV1-18*01 F	HJ5*02 F	HD6-13*01 F	ARDRIQGVVALPNEQLNWFDP	21	QVQLVQSGAEVQKPGASVKVSCKASGYSFTRYGISWLRQAPGQGPEWMAWISSYTGNTNYAQSFQGRLTVSTDTSTDTAYMELRSLSSDDTAVYYCARDRIQGVVALPNEQLNWFDPWGQGTLVTVSS	KV3-11*01 F	KJ1*01 F	9	EIVLTQVPVSLSLSPGERATLSCRASHSVSSYLAWYQQKPGQAPRLLIYGASNRATDIPARFRGSGSGTDFTLTISGLEPEDFAVYYCQQHSNWPRTFGQGTKVEAK
54.a.72	90.62	HV1-18*01 F	HJ5*02 F	HD2-2*01 F	ARDRIQGVVALPNEQLNWFDP	21	QVQLVQSGTEVKKPGASVKVSCKASGYTFTRYGISWLRQAPGQGPEWMAWISPYTGNTNYAQKFQDRVTVSTETSTATAYMELRSLRFDDTAVYYCARDRIQGVVALPNEQLNWFDPWGQGTLVTVSS	KV3-11*01 F	KJ1*01 F	9	EIVLTQSPVTLSLSPGERATLSCRASHSVGRYLAWYQQKPGQAPRLVIYGASNRATDIPARFRGSGSETDFTLTISGLEPEDFAVYYCQQHSNWPRTFGQGTKVESK
54.a.73	90.62	HV1-18*01 F	HJ5*02 F	HD2-15*01 F	ARDRIQGVVALPNEQVNWFDP	21	QVQLVQSGNEVKKPGASVKVSCKASGYTFTRYGISWLRQAPGQGPEWMAWISPYTGDTNFAQKFQGRVTVSTETSTGTAYMELRSLRFDDTAVYYCARDRIQGVVALPNEQVNWFDPWGQGTLVTVSS	KV3-11*01 F	KJ1*01 F	9	EIVLTQSPASLSLSPGERATLSCRASHSVGRYLAWYQQKPGQAPRLVIYGASNRATDIPVRFRGSGSETDFTLTISGLEPEDFAVYYCQQHSNWPRTFGQGTKVETK
54.a.74	90.62	HV1-18*01 F	HJ5*02 F	HD2-21*01 F	ARDRLQGAVGLPNEQVNWFDP	21	QIQLVQSGPEVKKPGASVKVSCKASGYTFTRYGMSWVRQAPGQGPEWMAWISGYTGDTEYAQKFQGRVTVSTETSTGTAFMEVRSLRSDDTAVYYCARDRLQGAVGLPNEQVNWFDPWGQGTLVTVSS	KV3-11*01 F	KJ1*01 F	9	EIVMTQVPVSLSLSPGERATLSCRASHSVGRYLAWYQQKPGQAPRLLIYLASNWATDVPARFRGSGSGTDFTLTINGLEPEDFAVYYCQQHSNSPRTFGQGTKVEAK
54.a.75	90.28	HV1-18*01 F	HJ5*02 F	HD2-8*02 F	ARDRIQGAVALPLEQVNWFDP	21	QVHLVQSGAEVKKPGASVRVSCKVSGYTFTSYGMSWVRQAPGQGLEWMAWISGYTGDTVYAQKFKDRLTVSTDTSTTTAYMELRSLRLDDTAVYYCARDRIQGAVALPLEQVNWFDPWGQGTLVTVSS	KV3-11*01 F	KJ1*01 F	9	EIVMTQVPVSLSLSPGERATLSCRASQSITYYLAWYQQKPGQAPRLLIYGASTRATDIPARFRGSGSGTDFTLTINSLEPEDFAVYYCQQHSNWPRTFGQGTKVETK
54.a.76	90.28	HV1-18*01 F	HJ5*02 F	HD2-8*02 F	ARDRIQGAVALPLEQVNWFDP	21	QVHLVQSGAEVKKPGASVRVSCKVSGYTFTSYGMSWVRQAPGQGLEWMAWISGYTGDTVYAQKFKDRLTVSTDTSTTTAYMELRSLRLDDTAVYYCARDRIQGAVALPLEQVNWFDPWGQGTLVTVSS	KV3-11*01 F	KJ1*01 F	9	EIVLTQSPVSLSLSPGERATLSCRASQSIRYYLAWYQQKPGQAPRLLIYGASTRATDIPARFRGSGSGTDFTLTINSLEPEDFAVYYCQQHSNWPRTFGQGTKVETK
54.a.77	90.28	HV1-18*01 F	HJ5*02 F	HD2-2*01 F	ARDRIQGAVALPSQQLNYFDP	21	QVQLVQSGGEVKKPGASVKVSCKASGYTFSSYGISWVRQAPGQGLEWMAWISPYTGITKYAQRFQGRVTLSTDTSTNTAFLELRSLTSDDTAVYYCARDRIQGAVALPSQQLNYFDPWGHGTLVTVSS	KV3-11*01 F	KJ1*01 F	9	EIVLTQSPATLSVSPGERATLSCKASQSITNYLAWYQQKPGQAPRLLIYGASNRATDIPARFRGSGSGTDFTLTISSLEPEDSAVYYCQQHSIWPRTFGQGTKVETK
54.a.78	90.28	HV1-18*01 F	HJ5*02 F	HD2-2*01 F	ARDRIQGAVALPSQQLNYFDP	21	QVQLVQSGGEVKKPGASVKVSCKASGYTFSSYGISWVRQAPGQGLEWMAWISPYTGITKYAQRFQGRVTLSTDTSTNTAFLELRSLTSDDTAVYYCARDRIQGAVALPSQQLNYFDPWGHGTLVTVSS	KV3-11*01 F	KJ1*01 F	9	EIVMTQAPVSLSVSPGERATLSCKASQSITNYLAWYQQKPGQAPRLLIYGASNRATDIPARFRGSGSGTDFTLTISSLEPEDSAVYYCQQHSIWPRTFGQGTKVETK
54.a.79	90.28	HV1-18*01 F	HJ5*02 F	HD2-2*01 F	ARDRIQGAVALPSQQLNYFDP	21	QVQLVQSGGEVKKPGASVKVSCKASGYTFSSYGISWVRQAPGQGLEWMAWISPYTGITKYAQRFQGRVTLSTDTSTNTAFLELRSLTSDDTAVYYCARDRIQGAVALPSQQLNYFDPWGHGTLVTVSS	KV3-11*01 F	KJ1*01 F	9	EIVLTQSPVSLSVSPGERATLSCKASQSITNYLAWYQQKPGQAPRLLIYGASNRATDIPARFRGSGSGTDFTLTISSLEPEDSAVYYCQQHSIWPRTFGQGTKVETK
54.a.80	89.93	HV1-18*01 F	HJ5*01 F, or HJ5*02 F	HD2-15*01 F	ARDRIQGVVALPKEQLNWFDP	21	QVQLVQSGDEVKKQGASVKVSCKTSGYTFSRYGISWLRQAPGQGPEWMAWISGYTGDTHYARKFQGRVTVSTEASTGTAYMELRSLRSDDTAVYYCARDRIQGVVALPKEQLNWFDPWGQGTLVTVTA	KV3-11*01 F	KJ1*01 F	9	EIVMTQSPATLSLSPGERATLSCRASQSVSTYLAWYQQKPGQAPRLLIFGASNRATDIPVRFRGSGSGTDFTLTISSLEPEDVAVYYCQQHRNWPRTFGQGTKVEAK
54.a.81	89.93	HV1-18*01 F	HJ5*01 F, or HJ5*02 F	HD2-15*01 F	ARDRIQGVVALPKEQLNWFDP	21	QVQLVQSGAELKKPGASVKVSCKTSGYTFSRYGISWLRQAPGQGPEWMAWISGYTGDTHYAQKFQGRVIVSTEASTGTAYMEMRSLRSDDTAVYYCARDRIQGVVALPKEQLNWFDPWGQGTLVTVTA				
54.a.82	88.89	HV1-18*01 F	HJ5*02 F	HD5-18*01 F	ARDYIQGAVALPHEQVNWFDP	21	QVQLVQSGPEVKKPGASVKVSCKASGYTFTSYGISWVRQAPGQGLEWMAWISPYTGITHYAQKFQGRVIMSTDTSSGTAYMELRSLTSDDTAVYYCARDYIQGAVALPHEQVNWFDPWGQGTLVTVSP	KV3-11*01 F	KJ1*01 F	9	EIVMTQAPVSLSLSPGQRATLSCRASRSVSRYLAWYQQKPGQAPRLLIHGVSNLATDIPARFRGSGSETDFTLTISGLEPEDVAVYYCQQHIDWPRTFGQGTKVEIK
54.a.83	88.89	HV1-18*01 F	HJ5*02 F	HD2-2*02 F	ARDYIQGSVALPSQQLNYFDP	21	QVQLVQPGGEVKKPGASVKVSCKASGYTFASYGISWVRQAPGQGLEWMAWISPYTGITQYAQRFQGRVTLSTDTSTNTAFLELRSLRSDDTAVYYCARDYIQGSVALPSQQLNYFDPWGRGTLVTVSS	KV3-11*01 F	KJ1*01 F	9	EIVLTQSPVSLSLSPGERATLSCRASQSVRTYLAWYQQKPGQAPRLLIHGASNRATDIPARFRGSGSGTDFTLTISSLEPEDVAVYYCQQHSMWPRTFGQGTKVEIK
54.a.84	88.54	HV1-18*01 F	HJ5*02 F	HD2-15*01 F	ARDRIQGVVALPKEQLNWFDP	21	QVQLVQSGPEVKKPGASVRVSCTASGYTFSRYGISWVRQAPGQGPEWMAWISAYTGDTHYARKFQGRVTVSTEASTATVYMELRSLRSDDTAVYYCARDRIQGVVALPKEQLNWFDPWGQGTLVTVTS	KV3-11*01 F	KJ1*01 F	9	EIVMTQVPFSLSLSPGERATLSCRASHSISQFLAWYQQKPGQAPRLLIYGISNRATDVPARFRGSGSGTDFTLTISDLEPEDFAVYYCQQGSNWPRTFGQGTKVEAK
54.a.85	88.54	HV1-18*01 F	HJ5*02 F	HD5-18*01 F	ARDYIQGAVALPSQQVNWFDP	21	QPQLVQSGGEVKRPGASVKVSCKASGYTFRSYGVSWVRQAPGQGLQWMAWISPYTGITHYAQNFQDRITLSSDTSTSTAFMELRSLRPDDTAVYYCARDYIQGAVALPSQQVNWFDPWGQGTLVTVSS	KV3-11*01 F	KJ1*01 F	9	EIVLTQSPVTLSLSPGERATLSCRASQSVSNYLAWYQQKPGQAPRLLIYGASNRATDIPARFRGRGSGTDFTLTINSLEPEDFAVYYCQQHSNWPRTFGQGTKVETK
54.a.86	87.85	HV1-18*01 F	HJ5*02 F	HD6-13*01 F	ARDQIQGAVALPSQQVNWFDP	21	QVQLVQSGGEVRKPGASVKVSCKAFGYTLNNYGISWLRQAPGQGLEWMAWISGYTGITHYAQRFQDRVSVSIDTSTNTAFMELRSLRSDDTAVYYCARDQIQGAVALPSQQVNWFDPWGQGTLVTVSS	KV3-11*01 F	KJ1*01 F	9	EIVMTQDPVTLSLSPGDRATLSCRASQSVNTYLAWYQQKPGQAPRLLVYGASNTATDIPARFRGRGSGTDFTLTISSLEPEDFAVYYCQQHITWPRTFGQGTKVEIK
54.a.87	87.85	HV1-18*01 F	HJ5*02 F	HD6-13*01 F	ARDQIQGEVALPSQQVNWFDP	21	QVQLVQSGGEVKKPGASVKVSCKAFGYTLNNYGISWVRQAPGQGLEWMAWISGYTGITHYAQRFQDRVTLSIDISTNTAFMELRSLRSDDTALYYCARDQIQGEVALPSQQVNWFDPWGQGTLVTVSS	KV3-11*01 F	KJ1*01 F	9	EIVMTQAPVTLSLSPGDRATLSCRASQSVSTYLAWYQQKPGQAPRLLVYRASYTATDIPARFRGRGSGTDFTLTISSLEPEDSAVYYCQQHINWPRTFGQGTRVETK
54.a.88	87.85	HV1-18*01 F	HJ5*01 F, or HJ5*02 F	HD2-2*01 F	ARDRIQGVVVLPNEQLNWFDP	21	QVQLVQLEAEVKKPGASVKFSCKVSGYTFSRYGISWVRQAPGQGPEWMAWISGYTGDTQYARKFQGRVTVSTETSTGTAYMEMRSLRSDDTAVYYCARDRIQGVVVLPNEQLNWFDPWGQGTLVTVTS				
54.a.89	87.5	HV1-18*01 F	HJ5*02 F	HD2-15*01 F	ARDRIQGVVVLPHEQVNWFDP	21	PHSQVQSGGEVKKPGASVKVSCKASGYSFTRYGISWIRQAPGQGPEWMAWISGYTGDTKYAQKFQDRVSVSTETSTGTAFMELRSLRADDTAVYYCARDRIQGVVVLPHEQVNWFDPWGQGTPVTVSS	KV3-11*01 F	KJ1*01 F	9	EIVLTQSPASLSLSPGERATLSCRASHSVDRYLAWYQQKPGQAPRLLIYGASNRATDIPPRFHGSGSGTDFTLTISGLEPEDFAVYYCQQHSNWPRTFGQGTKVETK
54.a.90	87.15	HV1-18*01 F	HJ5*02 F	HD2-15*01 F	ARDRIQGVVVLPHEQVNWFDP	21	AHSQVQSGGEVKKPGASVKVSCKASGYSFTRYGISWIRQAPGQGPEWMAWISGYTGDTKYAQKFQDRVSVSTETSTGTAFMELRSLRADDTAVYYCARDRIQGVVVLPHEQVNWFDPWGQGTPVTVSS	KV3-11*01 F	KJ1*01 F	9	EIVLTQGPVSLSLSPGERATLSCRASHSVDRYLAWYQQKPGQAPRLLIYGASNRATDIPPRFHGSGSGTDFTLTISGLEPEDFAVYYCQQHSNWPRTFGQGTKVETK
54.a.91	87.15	HV1-18*01 F	HJ5*02 F	HD2-15*01 F	ARDRIQGVVVLPHEQVNWFDP	21	PHSQVQSGGEVKKPGASVKVSCKASGYSFTRYGISWIRQAPGQGPEWMAWISGYTGDTKYAQKFQDRVTVSTETSTATAFMELRSLRADDTAVYYCARDRIQGVVVLPHEQVNWFDPWGQGTPVTVSS	KV3-11*01 F	KJ1*01 F	9	EIVMTQVPFFLSLSPGERATLSCRASHSVDRYLAWYQQKPGQAPRLLIYGASNRATDIPPRFHGSGSGTDFTLTISGLEPEDFAVYYCQQHSNWPRTFGQGTKVETK
54.a.92	87.15	HV1-18*01 F	HJ5*02 F	HD2-15*01 F	ARDRIQGVVVLPHEQVNWFDP	21	AHSQVQSGGEVKKPGASVKVSCKASGYSFTRYGISWIRQAPGQGPEWMAWISGYTGDTKYAQKFQDRVSVSTETSTGTAFMELRSLRADDTAVYYCARDRIQGVVVLPHEQVNWFDPWGQGTPVTVSS	KV3-11*01 F	KJ1*01 F	9	EIVLTQSPVSLSLSPGERATLSCRASHSVDRYLAWYQQKPGQAPRLLIYGASNRATDIPPRFHGSGSGTDFTLTISGLEPEDFAVYYCQQHSNWPRTFGQGTKVETK
54.b.01	95.14	HV1-18*01 F	HJ5*02 F	HD6-13*01 F	ARDRLQGAVALPSQQLNWFDP	21	QVQLVQSGAEVRKPGASVKVSCKASGYTFTSYGISWVRQAPGQGLEWMAWISAYTGNTNYAQKFQGRVTMSTDTSTSTAYMELRSLRSDDTAVYYCARDRLQGAVALPSQQLNWFDPWGQGTLVTVSS				
54.b.02	89.24	HV1-18*01 F	HJ5*02 F	HD2-2*01 F	GRDRIQGAVALPDKQVKWFDP	21	QVQLVQFGGEVKKPGASVKVSCKVFGYKFTSYGISWVRQAPGQGLEWMAWISGYTGNTNFAQKFKDRVTVFTDTFKTTAYKEVRGLRYDDTAVYYCGRDRIQGAVALPDKQVKWFDPWGQGTLVTVFS	KV3-11*01 F	KJ1*01 F	8	EIVMTPRSVSLSLSPGESATLSCRASHSVSRYLAWYQQKPGQAPRLLIYGASNRATDIPARFRGSGSGTDFTLTISGLEPEDFAVYYCQQHNWPRTFGQGTKVETK
54.c.01	97.22	HV1-18*01 F	HJ5*02 F	HD2-15*01 F	ARVWPQGVVAVGANPTKWFDP	21	QVQLVQSGAEVKKPGASVKVSCKASGYTFTGYGISWVRQAPGQGLEWMGWISGYTGNTNYARKFQGRVTMTTDTSTSTAYMEMRSLRSDDTAVYFCARVWPQGVVAVGANPTKWFDPWGQGTLVTVSS	KV3-11*01 F	KJ1*01 F	11	EIVLTQSPSSLSLSPGERATLSCRASQSGSNHLAWYQQKPGQAPRLLIHDASNRATGIPARFSGSGSGTDFTLTISSLEPEDFAVYYCQQRSNWTPTWTFGQGTKVEIK
54.c.02	94.1	HV1-18*01 F	HJ5*02 F	HD2-15*01 F	ARVRSQGVVVVGATPTNWFDP	21	QVQLVQSGAEVKKPGASVKVSCKASGYTFDSFGISWVRQAPGQGLEWMGWISAYTGNTNYAQKFQGRVTMTTETSTRTAYIEVRSLRSDDTAVYYCARVRSQGVVVVGATPTNWFDPWGQGTLVTVSS	KV3-11*01 F	KJ1*01 F	11	EIVLTQSPVSLSLSPGERATLSCRASQSVSRHLAWYQQKPGQAPRLLIYDASNRATGIPARFSGGGSGTDFTLTISSLEPEDFAVYYCQHRTNLSPTWTFGQGTKVEIE
54.d.01	96.88	HV1-69*01 F, or HV1-69D*01 F	HJ4*02 F	HD6-19*01 F	ARNRGYDSGSQIDN	14	QVQLVQSGAEVKKPGSSVRVSCKASGVTFSSYGISWVRQAPGQGLEWMGGISPMFGTAKYAQKFQGRVTITADESTRTAYMELSSLRSEDTAVYYCARNRGYDSGSQIDNWGQGTLVTVSS	KV3-15*01 F	KJ5*01 F	10	EIVMTQSPATLSVSPGERATLSCRASQSVTSNLAWYQQKPGQAPRLLIYGASTRATGVPARFSGSGSGTEFTLTISSLQSEDFAVYYCQQYNNWPPITFGQGTRLEIK
54.e.01	98.61	HV7-4-1*02 F	HJ4*02 F	HD3-9*01 F	ARDPLQLILRYFDWLFKPLDY	21	QVQLVQSGSELKKPGASVKVSCQASGYTFTTYAINWVRQAPGQGLEWMGWINTNTGNPTYAQGFTGRFVFSLDTSVSTAYLQISSLKAEDTAVYYCARDPLQLILRYFDWLFKPLDYWGQGTLVTVSS	KV3-15*01 F	KJ1*01 F	8	EIVMTQSPATLSVSPGERATLSCRASQSVSSNLAWYQQKPGQTPRLLMYGASTRATGIPPRFSGSGSGTEFTLTISSLQSEDFAVYYCQQYNKWPTFGQGTKVEIK
54.f.01	93.54	HV6-1*01 F	HJ4*02 F	HD3-3*01 F	VRGSFMIFGIVMAFDQ	16	QVQLQQSGPRLVKPSQTLSLTCVISGDSVSSHSAWNWIRQSPSRGLEWLGRTYYRSKWYSDYAPSVKSRTTINADTSKNEISLYLNSVTPEDTAVYYCVRGSFMIFGIVMAFDQWGQGTLVTVSS	KV3-20*01 F	KJ3*01 F	9	EIVLTQSPGTLSLSPGERATLSCRASQSVSSSYLAWYQQKPGQSPRLLIYGTSTRATGIPDRFSGSGSGTEFTLTITRLEPEDFAVYYCQQFDGSHFTFGPGTKVDIK
54.ND.01	97.22	HV1-69*10 F	HJ4*02 F	HD2-2*01 F	ARRDPAVPTANLYYYFDY	18	QVQLVQSGAEVKKPGSSVKVSCKASGGTFSSYAISWVRQAPGQGLEWVGGIIPMLGIANYAQKFQGRVTITADMFTSTAYMELSSLRSEDTAVYFCARRDPAVPTANLYYYFDYWGQGTLVTVSS				
54.ND.02	93.69	HV1-69*01 F, or HV1-69*12 F or HV1-69*13 (F) or HV1-69D*01 F	HJ4*02 F	HD6-6*01 F	AKHSGYYISSETYFDS	16	FNSYAISWVRQAPGQGPEWMGGIIAIFATPKYAQKFQGRVTITAGESTTTAYKELSSLRSEDTAIYYCAKHSGYYISSETYFDSWGQGTLVTVSS				
54.ND.03	92.36	HV1-69*01 F, or HV1-69D*01 F	HJ6*03 F	HD3-22*01 F	ATGRTYYESYMDV	13	QVQLVQSGAEVKKPGSSVKVSCKIYGGIFRSNAITWVRQAPGQGLEWMGGISAIFGTSNYAQKFQVRLTITAEETTSTAYMELRSLRPEDTAVYYCATGRTYYESYMDVWGKGTTVTVSS				
